episode,decision,candidate,current,attr_argmax_stats_v1_total,attrmix_stats_atom_v1_total,attrmix_stats_hist16_v1_total,j3_q95_v1_total,r1b_mean_v1_total,r1b_q95_v1_total,r1b_stepcvar95_v1_total,truth_h5_v1_total,truth_total
validation_000000,0,episode_validation_000000_job_000|QPzmsQ86_HM_langgraph_react_1786934600658:api_call:2|0,21267.6,73451.8,73293.0,131268.8,52290.7,35437.8,59377.9,75888.4,67611.0
validation_000000,0,episode_validation_000000_job_000|QPzmsQ86_HM_langgraph_react_1786934600658:api_call:2|1,21267.6,73451.8,73293.0,131268.8,52290.7,35437.8,59377.9,75888.4,67611.0
validation_000000,1,episode_validation_000000_job_000|QPzmsQ86_HM_langgraph_react_1786934600658:action:5|0,5492.4,57676.6,56803.8,114075.4,50896.9,27417.6,48062.2,58528.7,38570.8
validation_000000,1,episode_validation_000000_job_000|QPzmsQ86_HM_langgraph_react_1786934600658:action:5|1,5492.4,57676.6,56803.8,114075.4,50896.9,27417.6,48062.2,58528.7,38570.8
validation_000000,1,episode_validation_000000_job_000|QPzmsQ86_HM_langgraph_react_1786934600658:api_call:4|0,2430.5,54614.7,53848.7,111180.0,36540.7,19379.4,45865.8,66437.4,35508.9
validation_000000,1,episode_validation_000000_job_000|QPzmsQ86_HM_langgraph_react_1786934600658:api_call:4|1,2430.5,54614.7,53848.7,111180.0,36540.7,19379.4,45865.8,66437.4,35508.9
validation_000000,2,episode_validation_000000_job_000|QPzmsQ86_HM_langgraph_react_1786934600658:action:5|1,5492.4,57676.6,56803.8,114075.4,50896.9,27417.6,48062.2,58528.7,38570.8
validation_000000,3,episode_validation_000000_job_000|QPzmsQ86_HM_langgraph_react_1786934600658:api_call:6|0,2793.4,54977.6,54435.3,112028.0,28453.1,21418.8,45850.3,61478.5,30270.1
validation_000000,3,episode_validation_000000_job_000|QPzmsQ86_HM_langgraph_react_1786934600658:api_call:6|1,2793.4,54977.6,54435.3,112028.0,28453.1,21418.8,45850.3,61478.5,30270.1
validation_000000,4,episode_validation_000000_job_000|QPzmsQ86_HM_langgraph_react_1786934600658:api_call:8|0,382.5,52566.7,51980.5,109563.3,27607.7,15274.5,37254.3,51718.7,22173.0
validation_000000,4,episode_validation_000000_job_000|QPzmsQ86_HM_langgraph_react_1786934600658:api_call:8|1,382.5,52566.7,51980.5,109563.3,27607.7,15274.5,37254.3,51718.7,22173.0
validation_000000,5,episode_validation_000000_job_000|QPzmsQ86_HM_langgraph_react_1786934600658:api_call:10|0,392.4,21266.3,20996.9,44273.3,23615.2,6552.8,27449.6,39613.1,16956.3
validation_000000,5,episode_validation_000000_job_000|QPzmsQ86_HM_langgraph_react_1786934600658:api_call:10|1,392.4,21266.3,20996.9,44273.3,23615.2,6552.8,27449.6,39613.1,16956.3
validation_000000,6,episode_validation_000000_job_000|QPzmsQ86_HM_langgraph_react_1786934600658:action:13|0,5447.8,5447.9,5447.9,5650.8,8221.6,5987.9,7659.2,11512.0,5447.8
validation_000000,6,episode_validation_000000_job_000|QPzmsQ86_HM_langgraph_react_1786934600658:action:13|1,5447.8,5447.9,5447.9,5650.8,8221.6,5987.9,7659.2,11512.0,5447.8
validation_000000,6,episode_validation_000000_job_000|QPzmsQ86_HM_langgraph_react_1786934600658:api_call:12|0,373.1,373.3,373.3,779.0,5241.3,1754.8,10550.9,16447.4,373.1
validation_000000,6,episode_validation_000000_job_000|QPzmsQ86_HM_langgraph_react_1786934600658:api_call:12|1,373.1,373.3,373.3,779.0,5241.3,1754.8,10550.9,16447.4,373.1
validation_000000,6,episode_validation_000000_job_000|QPzmsQ86_HM_langgraph_react_1786934600658:api_call:14|0,227.3,227.3,227.3,227.3,227.3,227.3,227.3,227.3,227.3
validation_000000,6,episode_validation_000000_job_000|QPzmsQ86_HM_langgraph_react_1786934600658:api_call:14|1,227.3,227.3,227.3,227.3,227.3,227.3,227.3,227.3,227.3
validation_000000,7,episode_validation_000000_job_000|QPzmsQ86_HM_langgraph_react_1786934600658:action:13|1,5447.8,5447.9,5447.9,5650.8,8221.6,5987.9,7659.2,11512.0,5447.8
validation_000000,7,episode_validation_000000_job_000|QPzmsQ86_HM_langgraph_react_1786934600658:api_call:12|1,373.1,373.3,373.3,779.0,5241.3,1754.8,10550.9,16447.4,373.1
validation_000000,8,episode_validation_000000_job_000|QPzmsQ86_HM_langgraph_react_1786934600658:action:13|0,5447.8,5447.9,5447.9,5650.8,8221.6,5987.9,7659.2,11512.0,5447.8
validation_000000,9,episode_validation_000000_job_001|Hw5qjcnhrW4_star_1786937459936:api_call:2|0,14692.1,66876.3,66461.1,124112.8,41633.0,20657.7,41265.0,56837.5,64879.0
validation_000000,9,episode_validation_000000_job_001|Hw5qjcnhrW4_star_1786937459936:api_call:2|1,14692.1,66876.3,66461.1,124112.8,41633.0,20657.7,41265.0,56837.5,64879.0
validation_000000,10,episode_validation_000000_job_001|Hw5qjcnhrW4_star_1786937459936:action:3|0,5195.4,57379.5,57130.0,114978.2,40399.1,13316.0,35626.7,49218.9,44363.6
validation_000000,10,episode_validation_000000_job_001|Hw5qjcnhrW4_star_1786937459936:action:3|1,5195.4,57379.5,57130.0,114978.2,40399.1,13316.0,35626.7,49218.9,44363.6
validation_000000,11,episode_validation_000000_job_001|Hw5qjcnhrW4_star_1786937459936:api_call:4|0,2430.5,54614.7,54503.2,112522.6,35726.4,14257.3,47260.0,58920.2,40090.4
validation_000000,11,episode_validation_000000_job_001|Hw5qjcnhrW4_star_1786937459936:api_call:4|1,2430.5,54614.7,54503.2,112522.6,35726.4,14257.3,47260.0,58920.2,40090.4
validation_000000,12,episode_validation_000000_job_001|Hw5qjcnhrW4_star_1786937459936:action:7|0,4647.3,56831.5,56778.9,114852.4,42900.1,14285.2,36202.5,49580.0,32425.0
validation_000000,12,episode_validation_000000_job_001|Hw5qjcnhrW4_star_1786937459936:action:7|1,4647.3,56831.5,56778.9,114852.4,42900.1,14285.2,36202.5,49580.0,32425.0
validation_000000,12,episode_validation_000000_job_001|Hw5qjcnhrW4_star_1786937459936:api_call:6|0,2793.4,54977.6,54977.6,113099.4,39178.1,16242.2,53423.4,61690.8,30571.1
validation_000000,12,episode_validation_000000_job_001|Hw5qjcnhrW4_star_1786937459936:api_call:6|1,2793.4,54977.6,54977.6,113099.4,39178.1,16242.2,53423.4,61690.8,30571.1
validation_000000,13,episode_validation_000000_job_001|Hw5qjcnhrW4_star_1786937459936:action:7|1,4647.3,56831.5,56778.9,114852.4,42900.1,14285.2,36202.5,49580.0,32425.0
validation_000000,14,episode_validation_000000_job_001|Hw5qjcnhrW4_star_1786937459936:action:9|0,5177.3,57361.5,56763.6,114335.7,48605.5,12958.3,38532.4,52570.1,24260.8
validation_000000,14,episode_validation_000000_job_001|Hw5qjcnhrW4_star_1786937459936:action:9|1,5177.3,57361.5,56763.6,114335.7,48605.5,12958.3,38532.4,52570.1,24260.8
validation_000000,14,episode_validation_000000_job_001|Hw5qjcnhrW4_star_1786937459936:api_call:8|0,382.5,52566.7,52428.0,110409.2,32265.6,12399.2,45212.0,57048.3,19466.0
validation_000000,14,episode_validation_000000_job_001|Hw5qjcnhrW4_star_1786937459936:api_call:8|1,382.5,52566.7,52428.0,110409.2,32265.6,12399.2,45212.0,57048.3,19466.0
validation_000000,15,episode_validation_000000_job_001|Hw5qjcnhrW4_star_1786937459936:action:9|1,5177.3,57361.5,56763.6,114335.7,48605.5,12958.3,38532.4,52570.1,24260.8
validation_000000,16,episode_validation_000000_job_001|Hw5qjcnhrW4_star_1786937459936:action:11|0,5452.0,26325.7,26258.8,49648.9,20609.2,9374.6,19473.9,28663.0,14497.8
validation_000000,16,episode_validation_000000_job_001|Hw5qjcnhrW4_star_1786937459936:action:11|1,5452.0,26325.7,26258.8,49648.9,20609.2,9374.6,19473.9,28663.0,14497.8
validation_000000,16,episode_validation_000000_job_001|Hw5qjcnhrW4_star_1786937459936:api_call:10|0,392.4,31703.0,31657.5,66691.6,32895.6,9204.2,29736.3,44741.5,9438.3
validation_000000,16,episode_validation_000000_job_001|Hw5qjcnhrW4_star_1786937459936:api_call:10|1,392.4,31703.0,31657.5,66691.6,32895.6,9204.2,29736.3,44741.5,9438.3
validation_000000,17,episode_validation_000000_job_001|Hw5qjcnhrW4_star_1786937459936:api_call:10|1,392.4,31703.0,31657.5,66691.6,32895.6,9204.2,29736.3,44741.5,9438.3
validation_000000,18,episode_validation_000000_job_001|Hw5qjcnhrW4_star_1786937459936:action:13|0,5447.8,15884.7,15227.2,26247.1,7231.5,6007.5,7659.2,11532.6,5447.8
validation_000000,18,episode_validation_000000_job_001|Hw5qjcnhrW4_star_1786937459936:action:13|1,5447.8,15884.7,15227.2,26247.1,7231.5,6007.5,7659.2,11532.6,5447.8
validation_000000,18,episode_validation_000000_job_001|Hw5qjcnhrW4_star_1786937459936:api_call:12|0,373.1,10810.1,10696.0,22401.7,5355.8,3486.8,11163.2,16118.4,373.1
validation_000000,18,episode_validation_000000_job_001|Hw5qjcnhrW4_star_1786937459936:api_call:12|1,373.1,10810.1,10696.0,22401.7,5355.8,3486.8,11163.2,16118.4,373.1
validation_000000,18,episode_validation_000000_job_001|Hw5qjcnhrW4_star_1786937459936:api_call:14|0,227.3,227.3,227.3,227.3,227.3,227.3,227.3,227.3,227.3
validation_000000,18,episode_validation_000000_job_001|Hw5qjcnhrW4_star_1786937459936:api_call:14|1,227.3,227.3,227.3,227.3,227.3,227.3,227.3,227.3,227.3
validation_000000,19,episode_validation_000000_job_001|Hw5qjcnhrW4_star_1786937459936:action:13|1,5447.8,15884.7,15227.2,26247.1,7231.5,6007.5,7659.2,11532.6,5447.8
validation_000000,19,episode_validation_000000_job_001|Hw5qjcnhrW4_star_1786937459936:api_call:12|1,373.1,10810.1,10696.0,22401.7,5355.8,3486.8,11163.2,16118.4,373.1
validation_000000,20,episode_validation_000000_job_001|Hw5qjcnhrW4_star_1786937459936:action:13|0,5447.8,15884.7,15227.2,26247.1,7231.5,6007.5,7659.2,11532.6,5447.8
validation_000000,21,episode_validation_000000_job_002|g_1oiJqE3OI_langgraph_react_1786940097055:api_call:2|0,26517.9,79033.3,76752.0,123978.5,79451.1,43519.9,79848.9,89331.0,69366.5
validation_000000,21,episode_validation_000000_job_002|g_1oiJqE3OI_langgraph_react_1786940097055:api_call:2|1,26517.9,79033.3,76752.0,123978.5,79451.1,43519.9,79848.9,89331.0,69366.5
validation_000000,22,episode_validation_000000_job_002|g_1oiJqE3OI_langgraph_react_1786940097055:api_call:4|0,6187.7,27194.1,26988.7,45786.0,58122.6,20080.3,45536.4,58973.7,43308.4
validation_000000,22,episode_validation_000000_job_002|g_1oiJqE3OI_langgraph_react_1786940097055:api_call:4|1,6187.7,27194.1,26988.7,45786.0,58122.6,20080.3,45536.4,58973.7,43308.4
validation_000000,23,episode_validation_000000_job_002|g_1oiJqE3OI_langgraph_react_1786940097055:api_call:6|0,5823.7,26830.2,26690.9,45422.4,54962.6,20337.7,45172.4,57891.1,36124.5
validation_000000,23,episode_validation_000000_job_002|g_1oiJqE3OI_langgraph_react_1786940097055:api_call:6|1,5823.7,26830.2,26690.9,45422.4,54962.6,20337.7,45172.4,57891.1,36124.5
validation_000000,24,episode_validation_000000_job_002|g_1oiJqE3OI_langgraph_react_1786940097055:api_call:8|0,4988.7,25995.1,25814.3,44587.1,56880.9,19633.4,45207.7,57746.2,29057.4
validation_000000,24,episode_validation_000000_job_002|g_1oiJqE3OI_langgraph_react_1786940097055:api_call:8|1,4988.7,25995.1,25814.3,44587.1,56880.9,19633.4,45207.7,57746.2,29057.4
validation_000000,25,episode_validation_000000_job_002|g_1oiJqE3OI_langgraph_react_1786940097055:api_call:10|0,5804.5,36886.4,36513.3,51620.2,57483.2,29847.7,47706.3,57080.6,23310.0
validation_000000,25,episode_validation_000000_job_002|g_1oiJqE3OI_langgraph_react_1786940097055:api_call:10|1,5804.5,36886.4,36513.3,51620.2,57483.2,29847.7,47706.3,57080.6,23310.0
validation_000000,26,episode_validation_000000_job_002|g_1oiJqE3OI_langgraph_react_1786940097055:api_call:12|0,4794.0,26184.7,26002.4,31721.3,39916.2,23913.2,33244.5,36639.4,4794.0
validation_000000,26,episode_validation_000000_job_002|g_1oiJqE3OI_langgraph_react_1786940097055:api_call:12|1,4794.0,26184.7,26002.4,31721.3,39916.2,23913.2,33244.5,36639.4,4794.0
validation_000000,26,episode_validation_000000_job_002|g_1oiJqE3OI_langgraph_react_1786940097055:api_call:14|0,14059.5,14059.5,14059.5,14059.5,14059.5,14059.5,14059.5,14059.5,14059.5
validation_000000,26,episode_validation_000000_job_002|g_1oiJqE3OI_langgraph_react_1786940097055:api_call:14|1,14059.5,14059.5,14059.5,14059.5,14059.5,14059.5,14059.5,14059.5,14059.5
validation_000000,27,episode_validation_000000_job_002|g_1oiJqE3OI_langgraph_react_1786940097055:api_call:12|1,4794.0,26184.7,26002.4,31721.3,39916.2,23913.2,33244.5,36639.4,4794.0
validation_000000,28,episode_validation_000000_job_003|Q0B5dLHDQ2w_star_1786940731808:api_call:2|0,22508.2,43514.6,43254.7,62104.1,62958.9,33509.0,65078.0,80026.4,41280.3
validation_000000,28,episode_validation_000000_job_003|Q0B5dLHDQ2w_star_1786940731808:api_call:2|1,22508.2,43514.6,43254.7,62104.1,62958.9,33509.0,65078.0,80026.4,45221.3
validation_000000,29,episode_validation_000000_job_004|FvZFBZB10LA_langgraph_react_1786938864185:api_call:2|1,14692.1,66876.3,66717.5,124693.3,45715.1,28862.2,52802.3,69312.8,56471.4
validation_000000,29,episode_validation_000000_job_005|UyaKyS2wTQk_star_1786939773993:api_call:2|1,14692.1,66876.3,66461.1,124112.8,41633.0,20657.7,41265.0,56837.5,32254.0
validation_000000,29,episode_validation_000000_job_006|IKtnfFHjERg_langgraph_react_1786935581894:api_call:2|1,22508.2,75023.6,72742.3,119968.8,75441.4,39510.2,75839.2,85321.3,70208.1
validation_000000,30,episode_validation_000000_job_005|UyaKyS2wTQk_star_1786939773993:api_call:2|0,14692.1,66876.3,66461.1,124112.8,41633.0,20657.7,41265.0,56837.5,32254.0
validation_000000,30,episode_validation_000000_job_006|IKtnfFHjERg_langgraph_react_1786935581894:api_call:2|0,22508.2,75023.6,72742.3,119968.8,75441.4,39510.2,75839.2,85321.3,66354.8
validation_000000,31,episode_validation_000000_job_006|IKtnfFHjERg_langgraph_react_1786935581894:api_call:2|1,22508.2,75023.6,72742.3,119968.8,75441.4,39510.2,75839.2,85321.3,70208.1
validation_000000,31,episode_validation_000000_job_003|Q0B5dLHDQ2w_star_1786940731808:api_call:4|1,6187.7,27194.1,27023.5,45784.0,55361.4,15892.8,41821.0,58223.9,26446.9
validation_000000,32,episode_validation_000000_job_004|FvZFBZB10LA_langgraph_react_1786938864185:action:5|0,5492.4,57676.6,57028.6,114519.7,50280.3,27708.9,48062.2,58655.7,42739.2
validation_000000,32,episode_validation_000000_job_004|FvZFBZB10LA_langgraph_react_1786938864185:api_call:4|0,2430.5,54614.7,54435.3,112392.2,45374.9,23811.7,54523.1,70668.8,39677.3
validation_000000,32,episode_validation_000000_job_006|IKtnfFHjERg_langgraph_react_1786935581894:api_call:2|0,26517.9,79033.3,76752.0,123978.5,79451.1,43519.9,79848.9,89331.0,74217.8
validation_000000,33,episode_validation_000000_job_004|FvZFBZB10LA_langgraph_react_1786938864185:action:5|1,5492.4,57676.6,57028.6,114519.7,50280.3,27708.9,48062.2,58655.7,42739.2
validation_000000,33,episode_validation_000000_job_006|IKtnfFHjERg_langgraph_react_1786935581894:api_call:2|1,22508.2,75023.6,72742.3,119968.8,75441.4,39510.2,75839.2,85321.3,70208.1
validation_000000,33,episode_validation_000000_job_005|UyaKyS2wTQk_star_1786939773993:api_call:4|1,2430.5,54614.7,53764.8,110863.9,34679.6,9804.7,32479.6,47769.9,17984.5
validation_000000,33,episode_validation_000000_job_003|Q0B5dLHDQ2w_star_1786940731808:api_call:6|1,5823.7,26830.2,26666.7,45422.3,50787.0,15336.4,40705.7,55215.6,23386.3
validation_000000,34,episode_validation_000000_job_006|IKtnfFHjERg_langgraph_react_1786935581894:api_call:2|1,22508.2,75023.6,72742.3,119968.8,75441.4,39510.2,75839.2,85321.3,70208.1
validation_000000,34,episode_validation_000000_job_005|UyaKyS2wTQk_star_1786939773993:api_call:4|1,2430.5,54614.7,53764.8,110863.9,34679.6,9804.7,32479.6,47769.9,17984.5
validation_000000,34,episode_validation_000000_job_003|Q0B5dLHDQ2w_star_1786940731808:api_call:6|1,5823.7,26830.2,26666.7,45422.3,50787.0,15336.4,40705.7,55215.6,23386.3
validation_000000,35,episode_validation_000000_job_004|FvZFBZB10LA_langgraph_react_1786938864185:action:7|0,4647.3,56831.5,56564.0,114439.9,46082.7,25493.7,46841.4,57996.3,34037.2
validation_000000,35,episode_validation_000000_job_004|FvZFBZB10LA_langgraph_react_1786938864185:api_call:6|0,2793.4,54977.6,54656.1,112467.0,25825.5,21993.6,47893.6,61982.1,32183.3
validation_000000,35,episode_validation_000000_job_006|IKtnfFHjERg_langgraph_react_1786935581894:api_call:2|0,26517.9,79033.3,76752.0,123978.5,79451.1,43519.9,79848.9,89331.0,74217.8
validation_000000,35,episode_validation_000000_job_003|Q0B5dLHDQ2w_star_1786940731808:api_call:6|0,5823.7,26830.2,26666.7,45422.3,50787.0,15336.4,40705.7,55215.6,23386.3
validation_000000,36,episode_validation_000000_job_004|FvZFBZB10LA_langgraph_react_1786938864185:action:7|1,4647.3,56831.5,56564.0,114439.9,46082.7,25493.7,46841.4,57996.3,34037.2
validation_000000,36,episode_validation_000000_job_006|IKtnfFHjERg_langgraph_react_1786935581894:api_call:2|1,22508.2,75023.6,72742.3,119968.8,75441.4,39510.2,75839.2,85321.3,70208.1
validation_000000,36,episode_validation_000000_job_003|Q0B5dLHDQ2w_star_1786940731808:api_call:6|1,5823.7,26830.2,26666.7,45422.3,50787.0,15336.4,40705.7,55215.6,23386.3
validation_000000,36,episode_validation_000000_job_005|UyaKyS2wTQk_star_1786939773993:action:7|1,4647.3,56831.5,56757.0,114810.3,44845.2,14401.3,36202.5,49264.5,16710.4
validation_000000,36,episode_validation_000000_job_005|UyaKyS2wTQk_star_1786939773993:api_call:6|1,2793.4,54977.6,54977.6,113099.4,49155.4,16967.0,53423.4,62990.7,14856.5
validation_000000,37,episode_validation_000000_job_006|IKtnfFHjERg_langgraph_react_1786935581894:api_call:2|0,26517.9,79033.3,76752.0,123978.5,79451.1,43519.9,79848.9,89331.0,74217.8
validation_000000,37,episode_validation_000000_job_003|Q0B5dLHDQ2w_star_1786940731808:api_call:6|0,5823.7,26830.2,26666.7,45422.3,50787.0,15336.4,40705.7,55215.6,23386.3
validation_000000,37,episode_validation_000000_job_005|UyaKyS2wTQk_star_1786939773993:action:7|0,4647.3,56831.5,56757.0,114810.3,44845.2,14401.3,36202.5,49264.5,16710.4
validation_000000,37,episode_validation_000000_job_005|UyaKyS2wTQk_star_1786939773993:api_call:6|0,2793.4,54977.6,54977.6,113099.4,49155.4,16967.0,53423.4,62990.7,14856.5
validation_000000,38,episode_validation_000000_job_006|IKtnfFHjERg_langgraph_react_1786935581894:api_call:2|0,26517.9,79033.3,76752.0,123978.5,79451.1,43519.9,79848.9,89331.0,74217.8
validation_000000,38,episode_validation_000000_job_003|Q0B5dLHDQ2w_star_1786940731808:api_call:6|0,5823.7,26830.2,26666.7,45422.3,50787.0,15336.4,40705.7,55215.6,23386.3
validation_000000,38,episode_validation_000000_job_005|UyaKyS2wTQk_star_1786939773993:api_call:6|0,2793.4,54977.6,54977.6,113099.4,49155.4,16967.0,53423.4,62990.7,14856.5
validation_000000,39,episode_validation_000000_job_004|FvZFBZB10LA_langgraph_react_1786938864185:action:9|1,5177.3,46924.7,46578.4,92960.3,49626.6,19901.6,44758.1,58063.9,23198.3
validation_000000,39,episode_validation_000000_job_004|FvZFBZB10LA_langgraph_react_1786938864185:api_call:8|1,382.5,52566.7,52118.0,109813.9,27113.1,18895.5,45482.8,59706.3,18403.5
validation_000000,39,episode_validation_000000_job_006|IKtnfFHjERg_langgraph_react_1786935581894:api_call:2|1,22508.2,75023.6,72742.3,119968.8,75441.4,39510.2,75839.2,85321.3,70208.1
validation_000000,39,episode_validation_000000_job_003|Q0B5dLHDQ2w_star_1786940731808:api_call:6|1,5823.7,26830.2,26666.7,45422.3,50787.0,15336.4,40705.7,55215.6,23386.3
validation_000000,40,episode_validation_000000_job_004|FvZFBZB10LA_langgraph_react_1786938864185:action:9|0,5177.3,46924.7,46578.4,92960.3,49626.6,19901.6,44758.1,58063.9,23198.3
validation_000000,40,episode_validation_000000_job_006|IKtnfFHjERg_langgraph_react_1786935581894:api_call:2|0,26517.9,79033.3,76752.0,123978.5,79451.1,43519.9,79848.9,89331.0,74217.8
validation_000000,40,episode_validation_000000_job_003|Q0B5dLHDQ2w_star_1786940731808:api_call:6|0,5823.7,26830.2,26666.7,45422.3,50787.0,15336.4,40705.7,55215.6,23386.3
validation_000000,40,episode_validation_000000_job_005|UyaKyS2wTQk_star_1786939773993:api_call:8|0,382.5,52566.7,52318.0,110195.5,36248.8,13011.8,46009.9,58837.3,11825.6
validation_000000,40,episode_validation_000000_job_005|UyaKyS2wTQk_star_1786939773993:api_call:9|0,5177.3,46924.7,46521.3,92850.6,37661.7,14408.4,36073.4,51845.0,16620.4
validation_000000,41,episode_validation_000000_job_006|IKtnfFHjERg_langgraph_react_1786935581894:api_call:2|1,22508.2,75023.6,72742.3,119968.8,75441.4,39510.2,75839.2,85321.3,70208.1
validation_000000,41,episode_validation_000000_job_003|Q0B5dLHDQ2w_star_1786940731808:api_call:6|1,5823.7,26830.2,26666.7,45422.3,50787.0,15336.4,40705.7,55215.6,23386.3
validation_000000,41,episode_validation_000000_job_005|UyaKyS2wTQk_star_1786939773993:api_call:8|1,382.5,52566.7,52318.0,110195.5,36248.8,13011.8,46009.9,58837.3,11825.6
validation_000000,41,episode_validation_000000_job_005|UyaKyS2wTQk_star_1786939773993:api_call:9|1,5177.3,46924.7,46521.3,92850.6,37661.7,14408.4,36073.4,51845.0,16620.4
validation_000000,41,episode_validation_000000_job_007|8y2Hj7GDcwI_star_1786938264942:api_call:2|1,22508.2,43514.6,43254.7,62104.1,62958.9,33509.0,65078.0,80026.4,41400.5
validation_000000,42,episode_validation_000000_job_006|IKtnfFHjERg_langgraph_react_1786935581894:api_call:2|1,22508.2,75023.6,72742.3,119968.8,75441.4,39510.2,75839.2,85321.3,70208.1
validation_000000,42,episode_validation_000000_job_003|Q0B5dLHDQ2w_star_1786940731808:api_call:6|1,5823.7,26830.2,26666.7,45422.3,50787.0,15336.4,40705.7,55215.6,23386.3
validation_000000,42,episode_validation_000000_job_005|UyaKyS2wTQk_star_1786939773993:api_call:9|1,5177.3,46924.7,46521.3,92850.6,37661.7,14408.4,36073.4,51845.0,16620.4
validation_000000,42,episode_validation_000000_job_007|8y2Hj7GDcwI_star_1786938264942:api_call:2|1,22508.2,43514.6,43254.7,62104.1,62958.9,33509.0,65078.0,80026.4,41400.5
validation_000000,43,episode_validation_000000_job_006|IKtnfFHjERg_langgraph_react_1786935581894:api_call:2|1,22508.2,75023.6,72742.3,119968.8,75441.4,39510.2,75839.2,85321.3,70208.1
validation_000000,43,episode_validation_000000_job_003|Q0B5dLHDQ2w_star_1786940731808:api_call:6|1,5823.7,26830.2,26666.7,45422.3,50787.0,15336.4,40705.7,55215.6,23386.3
validation_000000,43,episode_validation_000000_job_007|8y2Hj7GDcwI_star_1786938264942:api_call:2|1,22508.2,43514.6,43254.7,62104.1,62958.9,33509.0,65078.0,80026.4,41400.5
validation_000000,43,episode_validation_000000_job_005|UyaKyS2wTQk_star_1786939773993:api_call:11|1,5452.0,36762.6,36528.0,71388.2,33645.3,11391.7,31312.9,43164.1,16632.2
validation_000000,44,episode_validation_000000_job_006|IKtnfFHjERg_langgraph_react_1786935581894:api_call:2|1,22508.2,75023.6,72742.3,119968.8,75441.4,39510.2,75839.2,85321.3,70208.1
validation_000000,44,episode_validation_000000_job_003|Q0B5dLHDQ2w_star_1786940731808:api_call:6|1,5823.7,26830.2,26666.7,45422.3,50787.0,15336.4,40705.7,55215.6,23386.3
validation_000000,44,episode_validation_000000_job_007|8y2Hj7GDcwI_star_1786938264942:api_call:2|1,22508.2,43514.6,43254.7,62104.1,62958.9,33509.0,65078.0,80026.4,41400.5
validation_000000,44,episode_validation_000000_job_005|UyaKyS2wTQk_star_1786939773993:action:14|1,227.3,227.3,227.3,430.2,2594.7,893.0,4017.2,7668.1,227.3
validation_000000,44,episode_validation_000000_job_005|UyaKyS2wTQk_star_1786939773993:api_call:13|1,5447.8,15884.8,15540.6,27036.4,16450.3,7696.6,19477.4,25321.1,5447.8
validation_000000,44,episode_validation_000000_job_005|UyaKyS2wTQk_star_1786939773993:api_call:15|1,224.2,224.2,224.2,224.2,224.2,224.2,224.2,224.2,224.2
validation_000000,45,episode_validation_000000_job_006|IKtnfFHjERg_langgraph_react_1786935581894:api_call:2|1,22508.2,75023.6,72742.3,119968.8,75441.4,39510.2,75839.2,85321.3,70208.1
validation_000000,45,episode_validation_000000_job_003|Q0B5dLHDQ2w_star_1786940731808:api_call:6|1,5823.7,26830.2,26666.7,45422.3,50787.0,15336.4,40705.7,55215.6,23386.3
validation_000000,45,episode_validation_000000_job_007|8y2Hj7GDcwI_star_1786938264942:api_call:2|1,22508.2,43514.6,43254.7,62104.1,62958.9,33509.0,65078.0,80026.4,41400.5
validation_000000,45,episode_validation_000000_job_005|UyaKyS2wTQk_star_1786939773993:action:14|1,227.3,227.3,227.3,430.2,2594.7,893.0,4017.2,7668.1,227.3
validation_000000,45,episode_validation_000000_job_005|UyaKyS2wTQk_star_1786939773993:api_call:13|1,5447.8,15884.8,15540.6,27036.4,16450.3,7696.6,19477.4,25321.1,5447.8
validation_000000,46,episode_validation_000000_job_004|FvZFBZB10LA_langgraph_react_1786938864185:action:11|0,5452.0,26325.7,26237.7,49608.4,19755.9,10562.9,26112.7,31162.4,11624.2
validation_000000,46,episode_validation_000000_job_004|FvZFBZB10LA_langgraph_react_1786938864185:api_call:10|0,392.4,31703.0,31585.0,66552.5,21609.2,10507.9,34386.0,44322.3,6564.7
validation_000000,46,episode_validation_000000_job_006|IKtnfFHjERg_langgraph_react_1786935581894:api_call:2|0,26517.9,79033.3,76752.0,123978.5,79451.1,43519.9,79848.9,89331.0,74217.8
validation_000000,46,episode_validation_000000_job_003|Q0B5dLHDQ2w_star_1786940731808:api_call:6|0,5823.7,26830.2,26666.7,45422.3,50787.0,15336.4,40705.7,55215.6,23386.3
validation_000000,46,episode_validation_000000_job_007|8y2Hj7GDcwI_star_1786938264942:api_call:2|0,26517.9,47524.3,47264.4,66113.8,66968.5,37518.7,69087.7,84036.1,45410.2
validation_000000,46,episode_validation_000000_job_005|UyaKyS2wTQk_star_1786939773993:api_call:13|0,5447.8,15884.8,15540.6,27036.4,16450.3,7696.6,19477.4,25321.1,5447.8
validation_000000,47,episode_validation_000000_job_004|FvZFBZB10LA_langgraph_react_1786938864185:api_call:10|0,392.4,31703.0,31585.0,66552.5,21609.2,10507.9,34386.0,44322.3,6564.7
validation_000000,47,episode_validation_000000_job_006|IKtnfFHjERg_langgraph_react_1786935581894:api_call:2|0,26517.9,79033.3,76752.0,123978.5,79451.1,43519.9,79848.9,89331.0,74217.8
validation_000000,47,episode_validation_000000_job_003|Q0B5dLHDQ2w_star_1786940731808:api_call:6|0,5823.7,26830.2,26666.7,45422.3,50787.0,15336.4,40705.7,55215.6,23386.3
validation_000000,47,episode_validation_000000_job_007|8y2Hj7GDcwI_star_1786938264942:api_call:2|0,26517.9,47524.3,47264.4,66113.8,66968.5,37518.7,69087.7,84036.1,45410.2
validation_000000,47,episode_validation_000000_job_005|UyaKyS2wTQk_star_1786939773993:api_call:13|0,5447.8,15884.8,15540.6,27036.4,16450.3,7696.6,19477.4,25321.1,5447.8
validation_000000,48,episode_validation_000000_job_006|IKtnfFHjERg_langgraph_react_1786935581894:api_call:2|1,22508.2,75023.6,72742.3,119968.8,75441.4,39510.2,75839.2,85321.3,70208.1
validation_000000,48,episode_validation_000000_job_003|Q0B5dLHDQ2w_star_1786940731808:api_call:6|1,5823.7,26830.2,26666.7,45422.3,50787.0,15336.4,40705.7,55215.6,23386.3
validation_000000,48,episode_validation_000000_job_007|8y2Hj7GDcwI_star_1786938264942:api_call:2|1,22508.2,43514.6,43254.7,62104.1,62958.9,33509.0,65078.0,80026.4,41400.5
validation_000000,48,episode_validation_000000_job_005|UyaKyS2wTQk_star_1786939773993:api_call:13|1,5447.8,15884.8,15540.6,27036.4,16450.3,7696.6,19477.4,25321.1,5447.8
validation_000000,49,episode_validation_000000_job_006|IKtnfFHjERg_langgraph_react_1786935581894:api_call:2|1,22508.2,75023.6,72742.3,119968.8,75441.4,39510.2,75839.2,85321.3,70208.1
validation_000000,49,episode_validation_000000_job_003|Q0B5dLHDQ2w_star_1786940731808:api_call:6|1,5823.7,26830.2,26666.7,45422.3,50787.0,15336.4,40705.7,55215.6,23386.3
validation_000000,49,episode_validation_000000_job_007|8y2Hj7GDcwI_star_1786938264942:api_call:2|1,22508.2,43514.6,43254.7,62104.1,62958.9,33509.0,65078.0,80026.4,41400.5
validation_000000,50,episode_validation_000000_job_004|FvZFBZB10LA_langgraph_react_1786938864185:api_call:12|0,373.1,10810.1,10456.2,21935.0,3938.0,3735.1,13067.5,18169.1,373.1
validation_000000,50,episode_validation_000000_job_004|FvZFBZB10LA_langgraph_react_1786938864185:api_call:13|0,5447.8,5447.9,5447.9,5650.8,7458.7,5942.2,5856.0,10930.7,5447.8
validation_000000,50,episode_validation_000000_job_004|FvZFBZB10LA_langgraph_react_1786938864185:api_call:15|0,224.2,224.2,224.2,224.2,224.2,224.2,224.2,224.2,224.2
validation_000000,50,episode_validation_000000_job_006|IKtnfFHjERg_langgraph_react_1786935581894:api_call:2|0,26517.9,79033.3,76752.0,123978.5,79451.1,43519.9,79848.9,89331.0,74217.8
validation_000000,50,episode_validation_000000_job_007|8y2Hj7GDcwI_star_1786938264942:api_call:2|0,26517.9,47524.3,47264.4,66113.8,66968.5,37518.7,69087.7,84036.1,45410.2
validation_000000,51,episode_validation_000000_job_004|FvZFBZB10LA_langgraph_react_1786938864185:api_call:12|0,373.1,10810.1,10456.2,21935.0,3938.0,3735.1,13067.5,18169.1,373.1
validation_000000,51,episode_validation_000000_job_004|FvZFBZB10LA_langgraph_react_1786938864185:api_call:13|0,5447.8,5447.9,5447.9,5650.8,7458.7,5942.2,5856.0,10930.7,5447.8
validation_000000,51,episode_validation_000000_job_006|IKtnfFHjERg_langgraph_react_1786935581894:api_call:2|0,26517.9,79033.3,76752.0,123978.5,79451.1,43519.9,79848.9,89331.0,74217.8
validation_000000,51,episode_validation_000000_job_007|8y2Hj7GDcwI_star_1786938264942:api_call:2|0,26517.9,47524.3,47264.4,66113.8,66968.5,37518.7,69087.7,84036.1,45410.2
validation_000000,52,episode_validation_000000_job_004|FvZFBZB10LA_langgraph_react_1786938864185:api_call:13|1,5447.8,5447.9,5447.9,5650.8,7458.7,5942.2,5856.0,10930.7,5447.8
validation_000000,52,episode_validation_000000_job_006|IKtnfFHjERg_langgraph_react_1786935581894:api_call:2|1,22508.2,75023.6,72742.3,119968.8,75441.4,39510.2,75839.2,85321.3,70208.1
validation_000000,52,episode_validation_000000_job_007|8y2Hj7GDcwI_star_1786938264942:api_call:2|1,22508.2,43514.6,43254.7,62104.1,62958.9,33509.0,65078.0,80026.4,41400.5
validation_000000,52,episode_validation_000000_job_003|Q0B5dLHDQ2w_star_1786940731808:api_call:8|1,4988.7,25995.1,25827.9,44587.2,48311.2,14281.7,38868.7,53217.5,20106.3
validation_000000,53,episode_validation_000000_job_006|IKtnfFHjERg_langgraph_react_1786935581894:api_call:2|1,22508.2,75023.6,72742.3,119968.8,75441.4,39510.2,75839.2,85321.3,70208.1
validation_000000,53,episode_validation_000000_job_007|8y2Hj7GDcwI_star_1786938264942:api_call:2|1,22508.2,43514.6,43254.7,62104.1,62958.9,33509.0,65078.0,80026.4,41400.5
validation_000000,53,episode_validation_000000_job_003|Q0B5dLHDQ2w_star_1786940731808:api_call:8|1,4988.7,25995.1,25827.9,44587.2,48311.2,14281.7,38868.7,53217.5,20106.3
validation_000000,54,episode_validation_000000_job_006|IKtnfFHjERg_langgraph_react_1786935581894:api_call:2|1,22508.2,75023.6,72742.3,119968.8,75441.4,39510.2,75839.2,85321.3,70208.1
validation_000000,54,episode_validation_000000_job_007|8y2Hj7GDcwI_star_1786938264942:api_call:2|1,22508.2,43514.6,43254.7,62104.1,62958.9,33509.0,65078.0,80026.4,41400.5
validation_000000,54,episode_validation_000000_job_003|Q0B5dLHDQ2w_star_1786940731808:api_call:10|1,5804.5,36620.2,36207.4,51356.7,56312.2,27301.3,45406.5,56109.4,18492.5
validation_000000,55,episode_validation_000000_job_006|IKtnfFHjERg_langgraph_react_1786935581894:api_call:2|0,26517.9,79033.3,76752.0,123978.5,79451.1,43519.9,79848.9,89331.0,74217.8
validation_000000,55,episode_validation_000000_job_007|8y2Hj7GDcwI_star_1786938264942:api_call:2|0,26517.9,47524.3,47264.4,66113.8,66968.5,37518.7,69087.7,84036.1,45410.2
validation_000000,56,episode_validation_000000_job_006|IKtnfFHjERg_langgraph_react_1786935581894:api_call:2|1,22508.2,75023.6,72742.3,119968.8,75441.4,39510.2,75839.2,85321.3,70208.1
validation_000000,56,episode_validation_000000_job_003|Q0B5dLHDQ2w_star_1786940731808:api_call:12|1,4794.0,26329.7,26040.8,31869.9,40777.1,23784.2,33389.5,36638.9,4794.0
validation_000000,56,episode_validation_000000_job_003|Q0B5dLHDQ2w_star_1786940731808:api_call:14|1,14059.5,14059.5,14059.5,14059.5,14059.5,14059.5,14059.5,14059.5,14059.5
validation_000000,57,episode_validation_000000_job_006|IKtnfFHjERg_langgraph_react_1786935581894:api_call:2|1,22508.2,75023.6,72742.3,119968.8,75441.4,39510.2,75839.2,85321.3,66354.8
validation_000000,57,episode_validation_000000_job_003|Q0B5dLHDQ2w_star_1786940731808:api_call:12|1,4794.0,26329.7,26040.8,31869.9,40777.1,23784.2,33389.5,36638.9,4794.0
validation_000000,58,episode_validation_000000_job_006|IKtnfFHjERg_langgraph_react_1786935581894:api_call:2|1,22508.2,75023.6,72742.3,119968.8,75441.4,39510.2,75839.2,85321.3,66354.8
validation_000000,59,episode_validation_000000_job_007|8y2Hj7GDcwI_star_1786938264942:api_call:4|0,6187.7,27194.1,27023.5,45784.0,55361.4,15892.8,41821.0,58223.9,6187.7
validation_000000,59,episode_validation_000000_job_007|8y2Hj7GDcwI_star_1786938264942:api_call:6|0,14015.6,14015.6,14015.6,14015.6,14015.6,14015.6,14015.6,14015.6,14015.6
validation_000000,60,episode_validation_000000_job_007|8y2Hj7GDcwI_star_1786938264942:api_call:4|1,6187.7,27194.1,27023.5,45784.0,55361.4,15892.8,41821.0,58223.9,6187.7
validation_000000,60,episode_validation_000000_job_006|IKtnfFHjERg_langgraph_react_1786935581894:api_call:3|1,3520.4,24526.8,24475.2,43114.3,43729.4,19202.7,42869.1,54874.2,44162.8
validation_000000,61,episode_validation_000000_job_007|8y2Hj7GDcwI_star_1786938264942:api_call:4|0,6187.7,27194.1,27023.5,45784.0,55361.4,15892.8,41821.0,58223.9,6187.7
validation_000000,62,episode_validation_000000_job_006|IKtnfFHjERg_langgraph_react_1786935581894:api_call:5|1,4981.2,25987.7,25789.7,44579.5,52449.2,18575.5,44329.9,57236.0,39246.9
validation_000000,63,episode_validation_000000_job_008|V_skpmEXebM_langgraph_react_1786939342724:api_call:2|0,14692.1,66876.3,66717.5,124693.3,45715.1,28862.2,52802.3,69312.8,48946.3
validation_000000,64,episode_validation_000000_job_006|IKtnfFHjERg_langgraph_react_1786935581894:api_call:7|1,5845.1,26851.6,26714.6,45443.8,52863.7,19702.4,42716.9,56780.2,33562.4
validation_000000,65,episode_validation_000000_job_006|IKtnfFHjERg_langgraph_react_1786935581894:api_call:9|1,6368.4,27374.8,27191.2,45966.8,58518.7,20733.4,44478.6,58757.4,27061.9
validation_000000,66,episode_validation_000000_job_008|V_skpmEXebM_langgraph_react_1786939342724:api_call:4|0,2430.5,54614.7,53848.7,111180.0,36540.7,19379.4,45865.8,66437.4,33989.1
validation_000000,67,episode_validation_000000_job_008|V_skpmEXebM_langgraph_react_1786939342724:action:7|0,4647.3,56831.5,56498.2,114313.6,46616.7,25699.5,46841.4,57425.5,27007.6
validation_000000,67,episode_validation_000000_job_008|V_skpmEXebM_langgraph_react_1786939342724:api_call:6|0,2793.4,54977.6,54917.7,112984.5,43971.4,25982.9,53271.9,68132.8,25153.8
validation_000000,68,episode_validation_000000_job_008|V_skpmEXebM_langgraph_react_1786939342724:action:7|1,4647.3,56831.5,56498.2,114313.6,46616.7,25699.5,46841.4,57425.5,27007.6
validation_000000,68,episode_validation_000000_job_006|IKtnfFHjERg_langgraph_react_1786935581894:api_call:11|1,6517.5,37736.1,37387.5,52469.4,58769.3,30361.1,48931.7,57733.5,20576.9
validation_000000,69,episode_validation_000000_job_006|IKtnfFHjERg_langgraph_react_1786935581894:api_call:11|0,6517.5,37736.1,37387.5,52469.4,58769.3,30361.1,48931.7,57733.5,24430.3
validation_000000,70,episode_validation_000000_job_008|V_skpmEXebM_langgraph_react_1786939342724:api_call:8|1,382.5,52566.7,51643.8,108895.9,30068.5,18223.3,45482.8,59069.7,16377.8
validation_000000,71,episode_validation_000000_job_006|IKtnfFHjERg_langgraph_react_1786935581894:api_call:13|0,6726.5,28478.0,28013.2,34023.9,43062.3,26078.5,35537.7,38897.0,6726.5
validation_000000,71,episode_validation_000000_job_006|IKtnfFHjERg_langgraph_react_1786935581894:api_call:15|0,13980.0,13980.0,13980.0,13980.0,13980.0,13980.0,13980.0,13980.0,13980.0
validation_000000,72,episode_validation_000000_job_008|V_skpmEXebM_langgraph_react_1786939342724:api_call:10|1,392.4,31703.0,31015.6,65459.7,15198.2,6213.6,24192.5,35283.2,10589.8
validation_000000,72,episode_validation_000000_job_006|IKtnfFHjERg_langgraph_react_1786935581894:api_call:13|1,6726.5,28478.0,28013.2,34023.9,43062.3,26078.5,35537.7,38897.0,6726.5
validation_000000,73,episode_validation_000000_job_008|V_skpmEXebM_langgraph_react_1786939342724:action:13|1,5447.8,5447.9,5447.9,5650.8,7873.7,5947.9,5856.0,10960.3,5447.8
validation_000000,73,episode_validation_000000_job_008|V_skpmEXebM_langgraph_react_1786939342724:api_call:12|1,373.1,10810.1,10131.7,21319.0,3718.4,1858.0,11024.2,16034.2,373.1
validation_000000,73,episode_validation_000000_job_008|V_skpmEXebM_langgraph_react_1786939342724:api_call:14|1,227.3,227.3,227.3,227.3,227.3,227.3,227.3,227.3,227.3
validation_000000,73,episode_validation_000000_job_006|IKtnfFHjERg_langgraph_react_1786935581894:api_call:13|1,6726.5,28478.0,28013.2,34023.9,43062.3,26078.5,35537.7,38897.0,6726.5
validation_000000,74,episode_validation_000000_job_008|V_skpmEXebM_langgraph_react_1786939342724:action:13|1,5447.8,5447.9,5447.9,5650.8,7873.7,5947.9,5856.0,10960.3,5447.8
validation_000000,74,episode_validation_000000_job_008|V_skpmEXebM_langgraph_react_1786939342724:api_call:12|1,373.1,10810.1,10131.7,21319.0,3718.4,1858.0,11024.2,16034.2,373.1
validation_000000,74,episode_validation_000000_job_006|IKtnfFHjERg_langgraph_react_1786935581894:api_call:13|1,6726.5,28478.0,28013.2,34023.9,43062.3,26078.5,35537.7,38897.0,6726.5
validation_000000,75,episode_validation_000000_job_008|V_skpmEXebM_langgraph_react_1786939342724:action:13|0,5447.8,5447.9,5447.9,5650.8,7873.7,5947.9,5856.0,10960.3,5447.8
validation_000000,75,episode_validation_000000_job_006|IKtnfFHjERg_langgraph_react_1786935581894:api_call:13|0,6726.5,28478.0,28013.2,34023.9,43062.3,26078.5,35537.7,38897.0,6726.5
validation_000000,76,episode_validation_000000_job_006|IKtnfFHjERg_langgraph_react_1786935581894:api_call:13|0,6726.5,28478.0,28013.2,34023.9,43062.3,26078.5,35537.7,38897.0,6726.5
validation_000000,77,episode_validation_000000_job_009|8y2Hj7GDcwI_star_1786938144119:api_call:2|0,14692.1,66876.3,66461.1,124112.8,41633.0,20657.7,41265.0,56837.5,36449.6
validation_000000,77,episode_validation_000000_job_009|8y2Hj7GDcwI_star_1786938144119:api_call:2|1,14692.1,66876.3,66461.1,124112.8,41633.0,20657.7,41265.0,56837.5,36449.6
validation_000000,78,episode_validation_000000_job_009|8y2Hj7GDcwI_star_1786938144119:action:3|0,5195.4,57379.5,57130.0,114978.2,40399.1,13316.0,35626.7,49218.9,18104.2
validation_000000,78,episode_validation_000000_job_009|8y2Hj7GDcwI_star_1786938144119:action:3|1,5195.4,57379.5,57130.0,114978.2,40399.1,13316.0,35626.7,49218.9,18104.2
validation_000000,79,episode_validation_000000_job_009|8y2Hj7GDcwI_star_1786938144119:action:5|0,5492.4,57676.6,57573.2,115600.0,43683.2,15030.1,36388.4,49814.6,11767.2
validation_000000,79,episode_validation_000000_job_009|8y2Hj7GDcwI_star_1786938144119:action:5|1,5492.4,57676.6,57573.2,115600.0,43683.2,15030.1,36388.4,49814.6,11767.2
validation_000000,79,episode_validation_000000_job_009|8y2Hj7GDcwI_star_1786938144119:api_call:4|0,2430.5,54614.7,54503.2,112522.6,35726.4,14257.3,47260.0,58920.2,8705.3
validation_000000,79,episode_validation_000000_job_009|8y2Hj7GDcwI_star_1786938144119:api_call:4|1,2430.5,54614.7,54503.2,112522.6,35726.4,14257.3,47260.0,58920.2,8705.3
validation_000000,80,episode_validation_000000_job_009|8y2Hj7GDcwI_star_1786938144119:action:5|1,5492.4,57676.6,57573.2,115600.0,43683.2,15030.1,36388.4,49814.6,11767.2
validation_000000,81,episode_validation_000000_job_009|8y2Hj7GDcwI_star_1786938144119:api_call:6|0,2793.4,54977.6,54931.1,113010.2,30293.3,14781.1,43418.2,59789.1,8723.8
validation_000000,81,episode_validation_000000_job_009|8y2Hj7GDcwI_star_1786938144119:api_call:6|1,2793.4,54977.6,54931.1,113010.2,30293.3,14781.1,43418.2,59789.1,8723.8
validation_000000,82,episode_validation_000000_job_009|8y2Hj7GDcwI_star_1786938144119:api_call:8|0,382.5,52566.7,52309.2,110194.3,31078.4,6627.4,32475.0,45734.4,5969.9
validation_000000,82,episode_validation_000000_job_009|8y2Hj7GDcwI_star_1786938144119:api_call:8|1,382.5,52566.7,52309.2,110194.3,31078.4,6627.4,32475.0,45734.4,5969.9
validation_000000,83,episode_validation_000000_job_009|8y2Hj7GDcwI_star_1786938144119:api_call:10|0,392.4,21266.3,20913.8,43834.2,19040.3,2780.1,15912.3,28546.9,5634.8
validation_000000,83,episode_validation_000000_job_009|8y2Hj7GDcwI_star_1786938144119:api_call:10|1,392.4,21266.3,20913.8,43834.2,19040.3,2780.1,15912.3,28546.9,5634.8
validation_000000,84,episode_validation_000000_job_009|8y2Hj7GDcwI_star_1786938144119:action:13|0,5447.8,5447.9,5447.9,5650.8,8304.9,6180.1,10035.7,13407.8,5447.8
validation_000000,84,episode_validation_000000_job_009|8y2Hj7GDcwI_star_1786938144119:action:13|1,5447.8,5447.9,5447.9,5650.8,8304.9,6180.1,10035.7,13407.8,5447.8
validation_000000,84,episode_validation_000000_job_009|8y2Hj7GDcwI_star_1786938144119:api_call:12|0,373.1,373.3,373.3,779.0,5886.1,1646.3,9752.9,16729.8,373.1
validation_000000,84,episode_validation_000000_job_009|8y2Hj7GDcwI_star_1786938144119:api_call:12|1,373.1,373.3,373.3,779.0,5886.1,1646.3,9752.9,16729.8,373.1
validation_000000,84,episode_validation_000000_job_009|8y2Hj7GDcwI_star_1786938144119:api_call:14|0,227.3,227.3,227.3,227.3,227.3,227.3,227.3,227.3,227.3
validation_000000,84,episode_validation_000000_job_009|8y2Hj7GDcwI_star_1786938144119:api_call:14|1,227.3,227.3,227.3,227.3,227.3,227.3,227.3,227.3,227.3
validation_000000,85,episode_validation_000000_job_009|8y2Hj7GDcwI_star_1786938144119:action:13|1,5447.8,5447.9,5447.9,5650.8,8304.9,6180.1,10035.7,13407.8,5447.8
validation_000000,85,episode_validation_000000_job_009|8y2Hj7GDcwI_star_1786938144119:api_call:12|1,373.1,373.3,373.3,779.0,5886.1,1646.3,9752.9,16729.8,373.1
validation_000000,86,episode_validation_000000_job_009|8y2Hj7GDcwI_star_1786938144119:action:13|0,5447.8,5447.9,5447.9,5650.8,8304.9,6180.1,10035.7,13407.8,5447.8
validation_000000,87,episode_validation_000000_job_010|8y2Hj7GDcwI_langgraph_react_1786938308719:api_call:2|0,22508.2,75023.6,72742.3,119968.8,75441.4,39510.2,75839.2,85321.3,74237.4
validation_000000,87,episode_validation_000000_job_010|8y2Hj7GDcwI_langgraph_react_1786938308719:api_call:2|1,26517.9,79033.3,76752.0,123978.5,79451.1,43519.9,79848.9,89331.0,78247.1
validation_000000,88,episode_validation_000000_job_010|8y2Hj7GDcwI_langgraph_react_1786938308719:api_call:3|0,3520.4,24526.8,24475.2,43114.3,43729.4,19202.7,42869.1,54874.2,51700.4
validation_000000,88,episode_validation_000000_job_010|8y2Hj7GDcwI_langgraph_react_1786938308719:api_call:3|1,3520.4,24526.8,24475.2,43114.3,43729.4,19202.7,42869.1,54874.2,51700.4
validation_000000,89,episode_validation_000000_job_010|8y2Hj7GDcwI_langgraph_react_1786938308719:api_call:5|0,4981.2,25987.7,25789.7,44579.5,52449.2,18575.5,44329.9,57236.0,46387.0
validation_000000,89,episode_validation_000000_job_010|8y2Hj7GDcwI_langgraph_react_1786938308719:api_call:5|1,4981.2,25987.7,25789.7,44579.5,52449.2,18575.5,44329.9,57236.0,46387.0
validation_000000,90,episode_validation_000000_job_010|8y2Hj7GDcwI_langgraph_react_1786938308719:api_call:7|0,5845.1,26851.6,26714.6,45443.8,52863.7,19702.4,42716.9,56780.2,40489.3
validation_000000,90,episode_validation_000000_job_010|8y2Hj7GDcwI_langgraph_react_1786938308719:api_call:7|1,5845.1,26851.6,26714.6,45443.8,52863.7,19702.4,42716.9,56780.2,40489.3
validation_000000,91,episode_validation_000000_job_010|8y2Hj7GDcwI_langgraph_react_1786938308719:api_call:9|0,6368.4,27374.8,27190.9,45966.8,57702.5,20286.4,44478.6,58845.5,34463.5
validation_000000,91,episode_validation_000000_job_010|8y2Hj7GDcwI_langgraph_react_1786938308719:api_call:9|1,6368.4,27374.8,27190.9,45966.8,57702.5,20286.4,44478.6,58845.5,34463.5
validation_000000,92,episode_validation_000000_job_010|8y2Hj7GDcwI_langgraph_react_1786938308719:api_call:11|0,6517.5,37904.3,37386.0,52643.4,59535.6,30077.1,50338.3,58415.9,23268.9
validation_000000,92,episode_validation_000000_job_010|8y2Hj7GDcwI_langgraph_react_1786938308719:api_call:11|1,6517.5,37904.3,37386.0,52643.4,59535.6,30077.1,50338.3,58415.9,23268.9
validation_000000,92,episode_validation_000000_job_010|8y2Hj7GDcwI_langgraph_react_1786938308719:api_call:12|0,4794.0,36114.2,35897.8,50844.0,57396.4,29846.2,48311.8,57826.2,21545.4
validation_000000,92,episode_validation_000000_job_010|8y2Hj7GDcwI_langgraph_react_1786938308719:api_call:12|1,4794.0,36114.2,35897.8,50844.0,57396.4,29846.2,48311.8,57826.2,21545.4
validation_000000,93,episode_validation_000000_job_010|8y2Hj7GDcwI_langgraph_react_1786938308719:api_call:11|1,6517.5,37904.3,37386.0,52643.4,59535.6,30077.1,50338.3,58415.9,23268.9
validation_000000,94,episode_validation_000000_job_011|SeDGkRfpTqQ_star_1786938702871:api_call:2|0,22508.2,43514.6,43254.7,62104.1,62958.9,33509.0,65078.0,80026.4,54358.5
validation_000000,95,episode_validation_000000_job_010|8y2Hj7GDcwI_langgraph_react_1786938308719:api_call:14|1,4480.9,18496.6,17108.7,24072.7,28606.2,12101.8,28406.2,30863.0,4480.9
validation_000000,95,episode_validation_000000_job_010|8y2Hj7GDcwI_langgraph_react_1786938308719:api_call:16|1,14151.5,14151.5,14151.5,14151.5,14151.5,14151.5,14151.5,14151.5,14151.5
validation_000000,96,episode_validation_000000_job_010|8y2Hj7GDcwI_langgraph_react_1786938308719:api_call:14|1,4480.9,18496.6,17108.7,24072.7,28606.2,12101.8,28406.2,30863.0,4480.9
validation_000000,97,episode_validation_000000_job_011|SeDGkRfpTqQ_star_1786938702871:api_call:4|0,6187.7,27194.1,27023.5,45784.0,55361.4,15892.8,41821.0,58223.9,32924.9
validation_000000,98,episode_validation_000000_job_011|SeDGkRfpTqQ_star_1786938702871:api_call:6|0,5823.7,26830.2,26666.7,45422.3,50787.0,15336.4,40705.7,55215.6,28482.3
validation_000000,99,episode_validation_000000_job_012|JP67IM1LX-M_langgraph_react_1786937936613:api_call:2|1,14692.1,66876.3,66717.5,124693.3,45715.1,28862.2,52802.3,69312.8,66659.4
validation_000000,100,episode_validation_000000_job_011|SeDGkRfpTqQ_star_1786938702871:api_call:8|0,4988.7,25995.1,25827.9,44587.2,48311.2,14281.7,38868.7,53217.5,23589.6
validation_000000,101,episode_validation_000000_job_011|SeDGkRfpTqQ_star_1786938702871:api_call:10|0,5804.5,36620.2,36207.4,51356.7,56312.2,27301.3,45406.5,56109.4,20320.3
validation_000000,102,episode_validation_000000_job_012|JP67IM1LX-M_langgraph_react_1786937936613:action:3|1,5195.4,57379.5,56635.8,114017.9,49221.9,26309.5,47765.2,58498.0,52467.9
validation_000000,103,episode_validation_000000_job_011|SeDGkRfpTqQ_star_1786938702871:api_call:12|0,4794.0,26329.7,26040.8,31869.9,40777.1,23784.2,33389.5,36638.9,4794.0
validation_000000,103,episode_validation_000000_job_011|SeDGkRfpTqQ_star_1786938702871:api_call:14|0,14059.5,14059.5,14059.5,14059.5,14059.5,14059.5,14059.5,14059.5,14059.5
validation_000000,104,episode_validation_000000_job_012|JP67IM1LX-M_langgraph_react_1786937936613:action:5|1,7784.6,59968.8,59286.5,116713.4,57768.5,26684.0,49549.6,61670.6,44064.8
validation_000000,104,episode_validation_000000_job_012|JP67IM1LX-M_langgraph_react_1786937936613:api_call:4|1,2430.5,54614.7,54189.6,111892.5,33155.6,22689.1,53284.7,65877.5,38710.6
validation_000000,104,episode_validation_000000_job_011|SeDGkRfpTqQ_star_1786938702871:api_call:12|1,4794.0,26329.7,26040.8,31869.9,40777.1,23784.2,33389.5,36638.9,4794.0
validation_000000,105,episode_validation_000000_job_012|JP67IM1LX-M_langgraph_react_1786937936613:action:5|1,7784.6,59968.8,59286.5,116713.4,57768.5,26684.0,49549.6,61670.6,44064.8
validation_000000,105,episode_validation_000000_job_011|SeDGkRfpTqQ_star_1786938702871:api_call:12|1,4794.0,26329.7,26040.8,31869.9,40777.1,23784.2,33389.5,36638.9,4794.0
validation_000000,106,episode_validation_000000_job_011|SeDGkRfpTqQ_star_1786938702871:api_call:12|0,4794.0,26329.7,26040.8,31869.9,40777.1,23784.2,33389.5,36638.9,4794.0
validation_000000,107,episode_validation_000000_job_012|JP67IM1LX-M_langgraph_react_1786937936613:action:7|1,4647.3,56831.5,56428.7,114180.1,47890.7,25511.1,46841.4,57639.2,33668.0
validation_000000,107,episode_validation_000000_job_012|JP67IM1LX-M_langgraph_react_1786937936613:api_call:6|1,2793.4,54977.6,54637.3,112446.2,34280.0,21898.2,46601.7,64648.0,31814.2
validation_000000,108,episode_validation_000000_job_012|JP67IM1LX-M_langgraph_react_1786937936613:action:7|0,4647.3,56831.5,56428.7,114180.1,47890.7,25511.1,46841.4,57639.2,33917.4
validation_000000,109,episode_validation_000000_job_012|JP67IM1LX-M_langgraph_react_1786937936613:action:9|0,7192.1,38502.8,37968.2,72316.2,50948.6,18109.0,43061.9,58434.2,25370.6
validation_000000,109,episode_validation_000000_job_012|JP67IM1LX-M_langgraph_react_1786937936613:action:9|1,6897.7,38208.4,37673.8,72021.8,50654.2,17814.6,42767.5,58139.8,24775.2
validation_000000,109,episode_validation_000000_job_012|JP67IM1LX-M_langgraph_react_1786937936613:api_call:8|0,382.5,52566.7,51465.6,108552.3,27882.8,16896.4,43439.4,55715.8,18561.0
validation_000000,109,episode_validation_000000_job_012|JP67IM1LX-M_langgraph_react_1786937936613:api_call:8|1,382.5,52566.7,51465.6,108552.3,27882.8,16896.4,43439.4,55715.8,18260.0
validation_000000,110,episode_validation_000000_job_012|JP67IM1LX-M_langgraph_react_1786937936613:action:9|1,6897.7,38208.4,37673.8,72021.8,50654.2,17814.6,42767.5,58139.8,24775.2
validation_000000,111,episode_validation_000000_job_012|JP67IM1LX-M_langgraph_react_1786937936613:action:11|0,5452.0,26325.7,26228.6,49590.9,18662.8,10378.9,21933.0,30654.4,17016.1
validation_000000,111,episode_validation_000000_job_012|JP67IM1LX-M_langgraph_react_1786937936613:action:11|1,5452.0,26325.7,26228.6,49590.9,18662.8,10378.9,21933.0,30654.4,16715.1
validation_000000,111,episode_validation_000000_job_012|JP67IM1LX-M_langgraph_react_1786937936613:api_call:10|0,392.4,31703.0,30863.1,65130.7,20837.4,6783.0,27449.6,38085.2,11956.5
validation_000000,111,episode_validation_000000_job_012|JP67IM1LX-M_langgraph_react_1786937936613:api_call:10|1,392.4,31703.0,30863.1,65130.7,20837.4,6783.0,27449.6,38085.2,11655.5
validation_000000,112,episode_validation_000000_job_012|JP67IM1LX-M_langgraph_react_1786937936613:api_call:10|1,392.4,31703.0,30863.1,65130.7,20837.4,6783.0,27449.6,38085.2,11655.5
validation_000000,113,episode_validation_000000_job_012|JP67IM1LX-M_langgraph_react_1786937936613:action:13|0,6946.4,6946.5,6946.5,7149.4,8781.0,7427.0,7354.6,11999.9,6946.4
validation_000000,113,episode_validation_000000_job_012|JP67IM1LX-M_langgraph_react_1786937936613:action:13|1,6654.9,6655.0,6655.0,6857.8,8489.4,7135.5,7063.0,11708.3,6654.9
validation_000000,113,episode_validation_000000_job_012|JP67IM1LX-M_langgraph_react_1786937936613:api_call:12|0,373.1,10810.1,10148.9,21350.4,4513.8,2301.2,9221.0,16458.0,373.1
validation_000000,113,episode_validation_000000_job_012|JP67IM1LX-M_langgraph_react_1786937936613:api_call:12|1,373.1,10810.1,10148.9,21350.4,4513.8,2301.2,9221.0,16458.0,373.1
validation_000000,113,episode_validation_000000_job_012|JP67IM1LX-M_langgraph_react_1786937936613:api_call:14|0,227.3,227.3,227.3,227.3,227.3,227.3,227.3,227.3,227.3
validation_000000,113,episode_validation_000000_job_012|JP67IM1LX-M_langgraph_react_1786937936613:api_call:14|1,227.3,227.3,227.3,227.3,227.3,227.3,227.3,227.3,227.3
validation_000000,114,episode_validation_000000_job_012|JP67IM1LX-M_langgraph_react_1786937936613:action:13|1,6654.9,6655.0,6655.0,6857.8,8489.4,7135.5,7063.0,11708.3,6654.9
validation_000000,114,episode_validation_000000_job_012|JP67IM1LX-M_langgraph_react_1786937936613:api_call:12|1,373.1,10810.1,10148.9,21350.4,4513.8,2301.2,9221.0,16458.0,373.1
validation_000000,115,episode_validation_000000_job_012|JP67IM1LX-M_langgraph_react_1786937936613:action:13|0,6946.4,6946.5,6946.5,7149.4,8781.0,7427.0,7354.6,11999.9,6946.4
validation_000000,116,episode_validation_000000_job_013|QPzmsQ86_HM_star_1786934543040:api_call:2|1,14692.1,66876.3,66461.1,124112.8,41633.0,20657.7,41265.0,56837.5,55128.3
validation_000000,116,episode_validation_000000_job_014|GV5CuB4zPTY_langgraph_react_1786936698282:api_call:2|1,26517.9,79033.3,76752.0,123978.5,79451.1,43519.9,79848.9,89331.0,80492.7
validation_000000,116,episode_validation_000000_job_015|V_skpmEXebM_star_1786939395229:api_call:2|1,26517.9,47524.3,47264.4,66113.8,66968.5,37518.7,69087.7,84036.1,65118.1
validation_000000,117,episode_validation_000000_job_014|GV5CuB4zPTY_langgraph_react_1786936698282:api_call:2|0,26517.9,79033.3,76752.0,123978.5,79451.1,43519.9,79848.9,89331.0,80492.7
validation_000000,117,episode_validation_000000_job_015|V_skpmEXebM_star_1786939395229:api_call:2|0,26517.9,47524.3,47264.4,66113.8,66968.5,37518.7,69087.7,84036.1,65118.1
validation_000000,118,episode_validation_000000_job_014|GV5CuB4zPTY_langgraph_react_1786936698282:api_call:2|1,26517.9,79033.3,76752.0,123978.5,79451.1,43519.9,79848.9,89331.0,80492.7
validation_000000,118,episode_validation_000000_job_013|QPzmsQ86_HM_star_1786934543040:action:3|1,5195.4,57379.5,57130.0,114978.2,40399.1,13316.0,35626.7,49218.9,34658.5
validation_000000,119,episode_validation_000000_job_014|GV5CuB4zPTY_langgraph_react_1786936698282:api_call:2|1,26517.9,79033.3,76752.0,123978.5,79451.1,43519.9,79848.9,89331.0,80492.7
validation_000000,119,episode_validation_000000_job_013|QPzmsQ86_HM_star_1786934543040:api_call:4|1,2430.5,54614.7,54503.2,112522.6,35726.4,14257.3,47260.0,58920.2,29552.4
validation_000000,120,episode_validation_000000_job_014|GV5CuB4zPTY_langgraph_react_1786936698282:api_call:2|1,26517.9,79033.3,76752.0,123978.5,79451.1,43519.9,79848.9,89331.0,80492.7
validation_000000,120,episode_validation_000000_job_013|QPzmsQ86_HM_star_1786934543040:api_call:6|1,2793.4,54977.6,54977.6,113099.4,39178.1,16242.2,53423.4,61690.8,29544.3
validation_000000,121,episode_validation_000000_job_014|GV5CuB4zPTY_langgraph_react_1786936698282:api_call:2|1,26517.9,79033.3,76752.0,123978.5,79451.1,43519.9,79848.9,89331.0,80492.7
validation_000000,121,episode_validation_000000_job_013|QPzmsQ86_HM_star_1786934543040:action:9|1,5177.3,57361.5,56684.0,114151.4,45518.4,10748.9,33443.8,49477.2,21303.7
validation_000000,121,episode_validation_000000_job_013|QPzmsQ86_HM_star_1786934543040:api_call:8|1,382.5,52566.7,52201.6,109958.4,32409.7,5949.9,29772.5,43638.4,16508.9
validation_000000,122,episode_validation_000000_job_014|GV5CuB4zPTY_langgraph_react_1786936698282:api_call:2|0,22508.2,75023.6,72742.3,119968.8,75441.4,39510.2,75839.2,85321.3,76483.0
validation_000000,122,episode_validation_000000_job_013|QPzmsQ86_HM_star_1786934543040:action:9|0,5177.3,57361.5,56684.0,114151.4,45518.4,10748.9,33443.8,49477.2,21303.7
validation_000000,123,episode_validation_000000_job_014|GV5CuB4zPTY_langgraph_react_1786936698282:api_call:2|1,26517.9,79033.3,76752.0,123978.5,79451.1,43519.9,79848.9,89331.0,80492.7
validation_000000,123,episode_validation_000000_job_015|V_skpmEXebM_star_1786939395229:api_call:4|1,6187.7,27194.1,27023.5,45784.0,55361.4,15892.8,41821.0,58223.9,42679.1
validation_000000,124,episode_validation_000000_job_014|GV5CuB4zPTY_langgraph_react_1786936698282:api_call:2|1,22508.2,75023.6,72742.3,119968.8,75441.4,39510.2,75839.2,85321.3,76483.0
validation_000000,124,episode_validation_000000_job_015|V_skpmEXebM_star_1786939395229:api_call:6|1,5823.7,26830.2,26666.7,45422.3,50787.0,15336.4,40705.7,55215.6,32107.8
validation_000000,124,episode_validation_000000_job_015|V_skpmEXebM_star_1786939395229:api_call:7|1,5845.1,26851.6,26843.1,45439.6,47364.2,16836.0,43587.3,57284.7,32129.2
validation_000000,125,episode_validation_000000_job_014|GV5CuB4zPTY_langgraph_react_1786936698282:api_call:2|1,22508.2,75023.6,72742.3,119968.8,75441.4,39510.2,75839.2,85321.3,76483.0
validation_000000,125,episode_validation_000000_job_015|V_skpmEXebM_star_1786939395229:api_call:6|1,5823.7,26830.2,26666.7,45422.3,50787.0,15336.4,40705.7,55215.6,32107.8
validation_000000,126,episode_validation_000000_job_014|GV5CuB4zPTY_langgraph_react_1786936698282:api_call:2|0,22508.2,75023.6,72742.3,119968.8,75441.4,39510.2,75839.2,85321.3,76483.0
validation_000000,126,episode_validation_000000_job_013|QPzmsQ86_HM_star_1786934543040:action:11|0,5452.0,26325.7,26145.3,49394.8,19266.2,8625.4,20357.7,27935.0,11005.7
validation_000000,126,episode_validation_000000_job_013|QPzmsQ86_HM_star_1786934543040:api_call:10|0,392.4,31703.0,30928.0,65198.3,24343.4,3466.7,17842.7,32026.1,5946.2
validation_000000,127,episode_validation_000000_job_014|GV5CuB4zPTY_langgraph_react_1786936698282:api_call:2|1,22508.2,75023.6,72742.3,119968.8,75441.4,39510.2,75839.2,85321.3,76483.0
validation_000000,127,episode_validation_000000_job_013|QPzmsQ86_HM_star_1786934543040:api_call:10|1,392.4,31703.0,30928.0,65198.3,24343.4,3466.7,17842.7,32026.1,5946.2
validation_000000,127,episode_validation_000000_job_015|V_skpmEXebM_star_1786939395229:api_call:10|1,5804.5,26810.9,26821.1,45398.0,46159.4,15887.7,43914.7,56559.3,21708.5
validation_000000,127,episode_validation_000000_job_015|V_skpmEXebM_star_1786939395229:api_call:9|1,6368.4,27374.8,27234.9,45965.3,51220.3,15302.6,42488.8,55579.5,22272.4
validation_000000,128,episode_validation_000000_job_014|GV5CuB4zPTY_langgraph_react_1786936698282:api_call:2|1,22508.2,75023.6,72742.3,119968.8,75441.4,39510.2,75839.2,85321.3,76483.0
validation_000000,128,episode_validation_000000_job_015|V_skpmEXebM_star_1786939395229:api_call:10|1,5804.5,26810.9,26821.1,45398.0,46159.4,15887.7,43914.7,56559.3,21708.5
validation_000000,128,episode_validation_000000_job_015|V_skpmEXebM_star_1786939395229:api_call:9|1,6368.4,27374.8,27234.9,45965.3,51220.3,15302.6,42488.8,55579.5,22272.4
validation_000000,129,episode_validation_000000_job_014|GV5CuB4zPTY_langgraph_react_1786936698282:api_call:2|1,22508.2,75023.6,72742.3,119968.8,75441.4,39510.2,75839.2,85321.3,76483.0
validation_000000,129,episode_validation_000000_job_015|V_skpmEXebM_star_1786939395229:api_call:9|1,6368.4,27374.8,27234.9,45965.3,51220.3,15302.6,42488.8,55579.5,22272.4
validation_000000,130,episode_validation_000000_job_014|GV5CuB4zPTY_langgraph_react_1786936698282:api_call:2|0,22508.2,75023.6,72742.3,119968.8,75441.4,39510.2,75839.2,85321.3,76483.0
validation_000000,130,episode_validation_000000_job_013|QPzmsQ86_HM_star_1786934543040:action:13|0,5447.8,5447.9,5447.9,5650.8,7705.3,6080.7,8578.6,12433.6,5447.8
validation_000000,130,episode_validation_000000_job_013|QPzmsQ86_HM_star_1786934543040:api_call:12|0,373.1,10810.1,10554.8,22130.2,6001.1,2285.7,9221.0,16196.9,373.1
validation_000000,130,episode_validation_000000_job_013|QPzmsQ86_HM_star_1786934543040:api_call:14|0,227.3,227.3,227.3,227.3,227.3,227.3,227.3,227.3,227.3
validation_000000,131,episode_validation_000000_job_014|GV5CuB4zPTY_langgraph_react_1786936698282:api_call:2|0,22508.2,75023.6,72742.3,119968.8,75441.4,39510.2,75839.2,85321.3,76483.0
validation_000000,131,episode_validation_000000_job_013|QPzmsQ86_HM_star_1786934543040:action:13|0,5447.8,5447.9,5447.9,5650.8,7705.3,6080.7,8578.6,12433.6,5447.8
validation_000000,131,episode_validation_000000_job_013|QPzmsQ86_HM_star_1786934543040:api_call:12|0,373.1,10810.1,10554.8,22130.2,6001.1,2285.7,9221.0,16196.9,373.1
validation_000000,132,episode_validation_000000_job_014|GV5CuB4zPTY_langgraph_react_1786936698282:api_call:2|0,22508.2,75023.6,72742.3,119968.8,75441.4,39510.2,75839.2,85321.3,76483.0
validation_000000,132,episode_validation_000000_job_013|QPzmsQ86_HM_star_1786934543040:action:13|0,5447.8,5447.9,5447.9,5650.8,7705.3,6080.7,8578.6,12433.6,5447.8
validation_000000,133,episode_validation_000000_job_014|GV5CuB4zPTY_langgraph_react_1786936698282:api_call:2|1,22508.2,75023.6,72742.3,119968.8,75441.4,39510.2,75839.2,85321.3,76483.0
validation_000000,133,episode_validation_000000_job_015|V_skpmEXebM_star_1786939395229:api_call:12|1,4794.0,35799.2,35641.8,50525.9,55615.8,25209.2,44585.4,54835.9,18329.5
validation_000000,134,episode_validation_000000_job_014|GV5CuB4zPTY_langgraph_react_1786936698282:api_call:2|1,22508.2,75023.6,72742.3,119968.8,75441.4,39510.2,75839.2,85321.3,76483.0
validation_000000,134,episode_validation_000000_job_015|V_skpmEXebM_star_1786939395229:api_call:14|1,4480.9,25864.2,25623.7,31402.8,39139.2,22656.6,32924.0,36124.4,4480.9
validation_000000,134,episode_validation_000000_job_015|V_skpmEXebM_star_1786939395229:api_call:16|1,14151.5,14151.5,14151.5,14151.5,14151.5,14151.5,14151.5,14151.5,14151.5
validation_000000,135,episode_validation_000000_job_014|GV5CuB4zPTY_langgraph_react_1786936698282:api_call:2|0,22508.2,75023.6,72742.3,119968.8,75441.4,39510.2,75839.2,85321.3,76483.0
validation_000000,135,episode_validation_000000_job_015|V_skpmEXebM_star_1786939395229:api_call:14|0,4480.9,25864.2,25623.7,31402.8,39139.2,22656.6,32924.0,36124.4,4480.9
validation_000000,136,episode_validation_000000_job_014|GV5CuB4zPTY_langgraph_react_1786936698282:api_call:2|0,22508.2,75023.6,72742.3,119968.8,75441.4,39510.2,75839.2,85321.3,76483.0
validation_000000,137,episode_validation_000000_job_014|GV5CuB4zPTY_langgraph_react_1786936698282:api_call:4|0,6187.7,27194.1,26988.7,45786.0,58122.6,20080.3,45536.4,58973.7,53573.5
validation_000000,137,episode_validation_000000_job_014|GV5CuB4zPTY_langgraph_react_1786936698282:api_call:4|1,6187.7,27194.1,26988.7,45786.0,58122.6,20080.3,45536.4,58973.7,49654.5
validation_000000,138,episode_validation_000000_job_014|GV5CuB4zPTY_langgraph_react_1786936698282:api_call:6|0,5823.7,26830.2,26696.0,45422.4,55690.8,20705.6,45172.4,58089.4,46981.5
validation_000000,138,episode_validation_000000_job_014|GV5CuB4zPTY_langgraph_react_1786936698282:api_call:6|1,5823.7,26830.2,26696.0,45422.4,55690.8,20705.6,45172.4,58089.4,43062.5
validation_000000,139,episode_validation_000000_job_014|GV5CuB4zPTY_langgraph_react_1786936698282:api_call:8|0,4988.7,25995.1,25810.8,44587.1,56893.2,19431.8,45207.7,57540.8,39861.2
validation_000000,139,episode_validation_000000_job_014|GV5CuB4zPTY_langgraph_react_1786936698282:api_call:8|1,4988.7,25995.1,25810.8,44587.1,56893.2,19431.8,45207.7,57540.8,35942.1
validation_000000,140,episode_validation_000000_job_014|GV5CuB4zPTY_langgraph_react_1786936698282:api_call:10|0,5804.5,36983.3,36537.3,51719.2,58310.1,29857.0,49417.3,57962.7,13282.6
validation_000000,140,episode_validation_000000_job_014|GV5CuB4zPTY_langgraph_react_1786936698282:api_call:10|1,5804.5,36983.3,36537.3,51719.2,58310.1,29857.0,49417.3,57962.7,13282.6
validation_000000,140,episode_validation_000000_job_014|GV5CuB4zPTY_langgraph_react_1786936698282:api_call:11|0,6879.8,31398.6,29374.2,46000.8,32037.8,17334.9,34242.2,41790.2,14357.9
validation_000000,140,episode_validation_000000_job_014|GV5CuB4zPTY_langgraph_react_1786936698282:api_call:11|1,3194.2,27713.0,25688.5,42315.2,28352.1,13649.2,30556.6,38104.6,10672.3
validation_000000,141,episode_validation_000000_job_014|GV5CuB4zPTY_langgraph_react_1786936698282:api_call:10|0,5804.5,36983.3,36537.3,51719.2,58310.1,29857.0,49417.3,57962.7,13282.6
validation_000000,142,episode_validation_000000_job_014|GV5CuB4zPTY_langgraph_react_1786936698282:api_call:13|0,6726.5,6726.7,6726.7,7132.4,32159.4,9964.2,25649.2,30086.6,6726.5
validation_000000,142,episode_validation_000000_job_014|GV5CuB4zPTY_langgraph_react_1786936698282:api_call:13|1,6726.5,6726.7,6726.7,7132.4,32159.4,9964.2,25649.2,30086.6,6726.5
validation_000000,142,episode_validation_000000_job_014|GV5CuB4zPTY_langgraph_react_1786936698282:api_call:15|0,13980.0,13980.0,13980.0,13980.0,13980.0,13980.0,13980.0,13980.0,13980.0
validation_000000,142,episode_validation_000000_job_014|GV5CuB4zPTY_langgraph_react_1786936698282:api_call:15|1,10136.7,10136.7,10136.7,10136.7,10136.7,10136.7,10136.7,10136.7,10136.7
validation_000000,143,episode_validation_000000_job_014|GV5CuB4zPTY_langgraph_react_1786936698282:api_call:13|0,6726.5,6726.7,6726.7,7132.4,32159.4,9964.2,25649.2,30086.6,6726.5
validation_000001,0,episode_validation_000001_job_000|M_lwC5zPkyo_langgraph_react_1786934820754:api_call:2|0,14692.1,66876.3,66717.5,124693.3,45715.1,28862.2,52802.3,69312.8,67843.2
validation_000001,0,episode_validation_000001_job_000|M_lwC5zPkyo_langgraph_react_1786934820754:api_call:2|1,14692.1,66876.3,66717.5,124693.3,45715.1,28862.2,52802.3,69312.8,67843.2
validation_000001,1,episode_validation_000001_job_001|Fibq4aA-GVc_star_1786933439985:api_call:2|1,14692.1,66876.3,66461.1,124112.8,41633.0,20657.7,41265.0,56837.5,18077.1
validation_000001,2,episode_validation_000001_job_000|M_lwC5zPkyo_langgraph_react_1786934820754:api_call:4|0,2430.5,54614.7,53848.7,111180.0,36540.7,19379.4,45865.8,66437.4,52708.6
validation_000001,3,episode_validation_000001_job_000|M_lwC5zPkyo_langgraph_react_1786934820754:action:7|0,4647.3,56831.5,56498.2,114313.6,46616.7,25699.5,46841.4,57425.5,39884.7
validation_000001,3,episode_validation_000001_job_000|M_lwC5zPkyo_langgraph_react_1786934820754:api_call:6|0,2793.4,54977.6,54917.7,112984.5,43971.4,25982.9,53271.9,68132.8,38030.8
validation_000001,4,episode_validation_000001_job_000|M_lwC5zPkyo_langgraph_react_1786934820754:action:7|1,4647.3,56831.5,56498.2,114313.6,46616.7,25699.5,46841.4,57425.5,39884.7
validation_000001,5,episode_validation_000001_job_001|Fibq4aA-GVc_star_1786933439985:api_call:4|0,2430.5,54614.7,53764.8,110863.9,34679.6,9804.7,32479.6,47769.9,4093.4
validation_000001,6,episode_validation_000001_job_001|Fibq4aA-GVc_star_1786933439985:api_call:6|0,2793.4,54977.6,54459.0,112051.6,39070.8,9667.2,33567.5,48082.5,4125.7
validation_000001,7,episode_validation_000001_job_001|Fibq4aA-GVc_star_1786933439985:api_call:8|0,382.5,42129.9,41906.1,88276.8,36514.1,5556.8,26036.1,40510.8,1309.3
validation_000001,8,episode_validation_000001_job_001|Fibq4aA-GVc_star_1786933439985:api_call:10|0,392.4,21266.3,20676.6,43037.4,20169.5,2811.9,16914.3,29480.2,950.7
validation_000001,9,episode_validation_000001_job_001|Fibq4aA-GVc_star_1786933439985:api_call:12|0,373.1,373.3,373.3,779.0,5766.5,1649.1,10550.9,16896.3,373.1
validation_000001,9,episode_validation_000001_job_001|Fibq4aA-GVc_star_1786933439985:api_call:14|0,227.3,227.3,227.3,227.3,227.3,227.3,227.3,227.3,227.3
validation_000001,10,episode_validation_000001_job_001|Fibq4aA-GVc_star_1786933439985:api_call:12|0,373.1,373.3,373.3,779.0,5766.5,1649.1,10550.9,16896.3,373.1
validation_000001,11,episode_validation_000001_job_000|M_lwC5zPkyo_langgraph_react_1786934820754:action:9|0,5177.3,46924.7,46604.1,93009.6,46746.5,18380.6,44017.0,57127.3,25378.3
validation_000001,11,episode_validation_000001_job_000|M_lwC5zPkyo_langgraph_react_1786934820754:action:9|1,5177.3,46924.7,46604.1,93009.6,46746.5,18380.6,44017.0,57127.3,25378.3
validation_000001,11,episode_validation_000001_job_000|M_lwC5zPkyo_langgraph_react_1786934820754:api_call:8|0,382.5,52566.7,51643.8,108895.9,30068.5,18223.3,45482.8,59069.7,20583.5
validation_000001,11,episode_validation_000001_job_000|M_lwC5zPkyo_langgraph_react_1786934820754:api_call:8|1,382.5,52566.7,51643.8,108895.9,30068.5,18223.3,45482.8,59069.7,20583.5
validation_000001,12,episode_validation_000001_job_000|M_lwC5zPkyo_langgraph_react_1786934820754:action:9|1,5177.3,46924.7,46604.1,93009.6,46746.5,18380.6,44017.0,57127.3,25378.3
validation_000001,13,episode_validation_000001_job_002|g_1oiJqE3OI_langgraph_react_1786940097055:api_call:2|0,26517.9,79033.3,76752.0,123978.5,79451.1,43519.9,79848.9,89331.0,69366.5
validation_000001,13,episode_validation_000001_job_003|SBssmtYTJpM_star_1786937085794:api_call:2|0,26517.9,47524.3,47264.4,66113.8,66968.5,37518.7,69087.7,84036.1,55406.7
validation_000001,14,episode_validation_000001_job_000|M_lwC5zPkyo_langgraph_react_1786934820754:action:11|1,5452.0,26325.7,26156.6,49452.7,16538.5,9981.5,21933.0,29421.8,11154.6
validation_000001,14,episode_validation_000001_job_000|M_lwC5zPkyo_langgraph_react_1786934820754:api_call:10|1,392.4,31703.0,31519.3,66426.3,22005.5,9756.6,30206.3,43124.5,6095.0
validation_000001,14,episode_validation_000001_job_002|g_1oiJqE3OI_langgraph_react_1786940097055:api_call:2|1,26517.9,79033.3,76752.0,123978.5,79451.1,43519.9,79848.9,89331.0,69366.5
validation_000001,15,episode_validation_000001_job_000|M_lwC5zPkyo_langgraph_react_1786934820754:api_call:10|1,392.4,31703.0,31519.3,66426.3,22005.5,9756.6,30206.3,43124.5,6095.0
validation_000001,15,episode_validation_000001_job_002|g_1oiJqE3OI_langgraph_react_1786940097055:api_call:2|1,26517.9,79033.3,76752.0,123978.5,79451.1,43519.9,79848.9,89331.0,69366.5
validation_000001,16,episode_validation_000001_job_002|g_1oiJqE3OI_langgraph_react_1786940097055:api_call:2|0,22508.2,75023.6,72742.3,119968.8,75441.4,39510.2,75839.2,85321.3,65356.8
validation_000001,17,episode_validation_000001_job_000|M_lwC5zPkyo_langgraph_react_1786934820754:api_call:12|1,373.1,10810.1,10429.9,21886.0,4108.3,3270.1,11264.3,17756.8,373.1
validation_000001,17,episode_validation_000001_job_000|M_lwC5zPkyo_langgraph_react_1786934820754:api_call:14|1,227.3,227.3,227.3,227.3,227.3,227.3,227.3,227.3,227.3
validation_000001,17,episode_validation_000001_job_003|SBssmtYTJpM_star_1786937085794:api_call:4|1,6187.7,27194.1,27023.5,45784.0,55361.4,15892.8,41821.0,58223.9,32428.8
validation_000001,18,episode_validation_000001_job_000|M_lwC5zPkyo_langgraph_react_1786934820754:api_call:12|1,373.1,10810.1,10429.9,21886.0,4108.3,3270.1,11264.3,17756.8,373.1
validation_000001,18,episode_validation_000001_job_003|SBssmtYTJpM_star_1786937085794:api_call:4|1,6187.7,27194.1,27023.5,45784.0,55361.4,15892.8,41821.0,58223.9,32428.8
validation_000001,19,episode_validation_000001_job_004|ZBKUqc_ICpg_langgraph_react_1786935062257:api_call:2|1,14692.1,66876.3,66717.5,124693.3,45715.1,28862.2,52802.3,69312.8,55595.6
validation_000001,19,episode_validation_000001_job_003|SBssmtYTJpM_star_1786937085794:api_call:4|1,6187.7,27194.1,27023.5,45784.0,55361.4,15892.8,41821.0,58223.9,32428.8
validation_000001,20,episode_validation_000001_job_003|SBssmtYTJpM_star_1786937085794:api_call:4|1,6187.7,27194.1,27023.5,45784.0,55361.4,15892.8,41821.0,58223.9,32428.8
validation_000001,21,episode_validation_000001_job_004|ZBKUqc_ICpg_langgraph_react_1786935062257:api_call:4|1,2430.5,54614.7,53848.7,111180.0,36540.7,19379.4,45865.8,66437.4,40549.5
validation_000001,21,episode_validation_000001_job_003|SBssmtYTJpM_star_1786937085794:api_call:6|1,5823.7,26830.2,26666.7,45422.3,50787.0,15336.4,40705.7,55215.6,29748.6
validation_000001,22,episode_validation_000001_job_003|SBssmtYTJpM_star_1786937085794:api_call:6|0,5823.7,26830.2,26666.7,45422.3,50787.0,15336.4,40705.7,55215.6,29748.6
validation_000001,23,episode_validation_000001_job_004|ZBKUqc_ICpg_langgraph_react_1786935062257:action:7|1,4647.3,56831.5,56470.7,114260.9,46359.7,25594.7,46476.1,57517.8,29985.5
validation_000001,23,episode_validation_000001_job_004|ZBKUqc_ICpg_langgraph_react_1786935062257:api_call:6|1,2793.4,54977.6,54906.3,112962.6,44641.1,26130.2,58274.5,68267.8,28131.6
validation_000001,23,episode_validation_000001_job_002|g_1oiJqE3OI_langgraph_react_1786940097055:api_call:4|1,6187.7,27194.1,26988.7,45786.0,58122.6,20080.3,45536.4,58973.7,43308.4
validation_000001,24,episode_validation_000001_job_004|ZBKUqc_ICpg_langgraph_react_1786935062257:action:7|0,4647.3,56831.5,56470.7,114260.9,46359.7,25594.7,46476.1,57517.8,29985.5
validation_000001,24,episode_validation_000001_job_002|g_1oiJqE3OI_langgraph_react_1786940097055:api_call:4|0,6187.7,27194.1,26988.7,45786.0,58122.6,20080.3,45536.4,58973.7,43308.4
validation_000001,24,episode_validation_000001_job_003|SBssmtYTJpM_star_1786937085794:api_call:8|0,4988.7,25995.1,25827.9,44587.2,48311.2,14281.7,38868.7,53217.5,25969.5
validation_000001,25,episode_validation_000001_job_002|g_1oiJqE3OI_langgraph_react_1786940097055:api_call:4|1,6187.7,27194.1,26988.7,45786.0,58122.6,20080.3,45536.4,58973.7,43308.4
validation_000001,25,episode_validation_000001_job_003|SBssmtYTJpM_star_1786937085794:api_call:8|1,4988.7,25995.1,25827.9,44587.2,48311.2,14281.7,38868.7,53217.5,25969.5
validation_000001,26,episode_validation_000001_job_002|g_1oiJqE3OI_langgraph_react_1786940097055:api_call:4|1,6187.7,27194.1,26988.7,45786.0,58122.6,20080.3,45536.4,58973.7,43308.4
validation_000001,26,episode_validation_000001_job_003|SBssmtYTJpM_star_1786937085794:api_call:10|1,5804.5,36721.1,36368.1,51455.8,56097.3,26583.4,46305.3,56258.0,22949.2
validation_000001,27,episode_validation_000001_job_004|ZBKUqc_ICpg_langgraph_react_1786935062257:api_call:8|0,382.5,52566.7,51679.6,108964.4,29718.1,18591.5,45482.8,59736.1,20261.2
validation_000001,27,episode_validation_000001_job_002|g_1oiJqE3OI_langgraph_react_1786940097055:api_call:4|0,6187.7,27194.1,26988.7,45786.0,58122.6,20080.3,45536.4,58973.7,43308.4
validation_000001,28,episode_validation_000001_job_002|g_1oiJqE3OI_langgraph_react_1786940097055:api_call:4|1,6187.7,27194.1,26988.7,45786.0,58122.6,20080.3,45536.4,58973.7,43308.4
validation_000001,28,episode_validation_000001_job_003|SBssmtYTJpM_star_1786937085794:api_call:12|1,4794.0,26528.9,25977.7,32077.9,40119.6,22715.9,33588.7,37084.5,4794.0
validation_000001,28,episode_validation_000001_job_003|SBssmtYTJpM_star_1786937085794:api_call:14|1,14059.5,14059.5,14059.5,14059.5,14059.5,14059.5,14059.5,14059.5,14059.5
validation_000001,29,episode_validation_000001_job_004|ZBKUqc_ICpg_langgraph_react_1786935062257:api_call:10|0,392.4,31703.0,31284.5,65975.6,25404.1,7995.0,33344.7,42539.5,14998.3
validation_000001,29,episode_validation_000001_job_002|g_1oiJqE3OI_langgraph_react_1786940097055:api_call:4|0,6187.7,27194.1,26988.7,45786.0,58122.6,20080.3,45536.4,58973.7,43308.4
validation_000001,29,episode_validation_000001_job_003|SBssmtYTJpM_star_1786937085794:api_call:12|0,4794.0,26528.9,25977.7,32077.9,40119.6,22715.9,33588.7,37084.5,4794.0
validation_000001,30,episode_validation_000001_job_004|ZBKUqc_ICpg_langgraph_react_1786935062257:action:13|0,5447.8,5447.9,5447.9,5650.8,7549.3,5910.5,5856.0,10211.2,5447.8
validation_000001,30,episode_validation_000001_job_004|ZBKUqc_ICpg_langgraph_react_1786935062257:api_call:12|0,373.1,10810.1,10348.5,21735.7,5438.3,2762.3,11943.6,17871.4,373.1
validation_000001,30,episode_validation_000001_job_004|ZBKUqc_ICpg_langgraph_react_1786935062257:api_call:14|0,227.3,227.3,227.3,227.3,227.3,227.3,227.3,227.3,227.3
validation_000001,30,episode_validation_000001_job_002|g_1oiJqE3OI_langgraph_react_1786940097055:api_call:4|0,6187.7,27194.1,26988.7,45786.0,58122.6,20080.3,45536.4,58973.7,43308.4
validation_000001,30,episode_validation_000001_job_003|SBssmtYTJpM_star_1786937085794:api_call:12|0,4794.0,26528.9,25977.7,32077.9,40119.6,22715.9,33588.7,37084.5,4794.0
validation_000001,31,episode_validation_000001_job_004|ZBKUqc_ICpg_langgraph_react_1786935062257:action:13|0,5447.8,5447.9,5447.9,5650.8,7549.3,5910.5,5856.0,10211.2,5447.8
validation_000001,31,episode_validation_000001_job_004|ZBKUqc_ICpg_langgraph_react_1786935062257:api_call:12|0,373.1,10810.1,10348.5,21735.7,5438.3,2762.3,11943.6,17871.4,373.1
validation_000001,31,episode_validation_000001_job_002|g_1oiJqE3OI_langgraph_react_1786940097055:api_call:4|0,6187.7,27194.1,26988.7,45786.0,58122.6,20080.3,45536.4,58973.7,43308.4
validation_000001,31,episode_validation_000001_job_003|SBssmtYTJpM_star_1786937085794:api_call:12|0,4794.0,26528.9,25977.7,32077.9,40119.6,22715.9,33588.7,37084.5,4794.0
validation_000001,32,episode_validation_000001_job_004|ZBKUqc_ICpg_langgraph_react_1786935062257:action:13|1,5447.8,5447.9,5447.9,5650.8,7549.3,5910.5,5856.0,10211.2,5447.8
validation_000001,32,episode_validation_000001_job_002|g_1oiJqE3OI_langgraph_react_1786940097055:api_call:4|1,6187.7,27194.1,26988.7,45786.0,58122.6,20080.3,45536.4,58973.7,39469.3
validation_000001,32,episode_validation_000001_job_003|SBssmtYTJpM_star_1786937085794:api_call:12|1,4794.0,26528.9,25977.7,32077.9,40119.6,22715.9,33588.7,37084.5,4794.0
validation_000001,33,episode_validation_000001_job_002|g_1oiJqE3OI_langgraph_react_1786940097055:api_call:4|0,6187.7,27194.1,26988.7,45786.0,58122.6,20080.3,45536.4,58973.7,43308.4
validation_000001,33,episode_validation_000001_job_003|SBssmtYTJpM_star_1786937085794:api_call:12|0,4794.0,26528.9,25977.7,32077.9,40119.6,22715.9,33588.7,37084.5,4794.0
validation_000001,34,episode_validation_000001_job_002|g_1oiJqE3OI_langgraph_react_1786940097055:api_call:4|0,6187.7,27194.1,26988.7,45786.0,58122.6,20080.3,45536.4,58973.7,43308.4
validation_000001,35,episode_validation_000001_job_002|g_1oiJqE3OI_langgraph_react_1786940097055:api_call:6|0,5823.7,26830.2,26690.9,45422.4,54962.6,20337.7,45172.4,57891.1,36124.5
validation_000001,35,episode_validation_000001_job_002|g_1oiJqE3OI_langgraph_react_1786940097055:api_call:6|1,5823.7,26830.2,26690.9,45422.4,54962.6,20337.7,45172.4,57891.1,36124.5
validation_000001,36,episode_validation_000001_job_002|g_1oiJqE3OI_langgraph_react_1786940097055:api_call:8|0,4988.7,25995.1,25814.3,44587.1,56880.9,19633.4,45207.7,57746.2,29057.4
validation_000001,36,episode_validation_000001_job_002|g_1oiJqE3OI_langgraph_react_1786940097055:api_call:8|1,4988.7,25995.1,25814.3,44587.1,56880.9,19633.4,45207.7,57746.2,29057.4
validation_000001,37,episode_validation_000001_job_002|g_1oiJqE3OI_langgraph_react_1786940097055:api_call:10|0,5804.5,36886.4,36513.3,51620.2,57483.2,29847.7,47706.3,57080.6,23310.0
validation_000001,37,episode_validation_000001_job_002|g_1oiJqE3OI_langgraph_react_1786940097055:api_call:10|1,5804.5,36886.4,36513.3,51620.2,57483.2,29847.7,47706.3,57080.6,23310.0
validation_000001,38,episode_validation_000001_job_002|g_1oiJqE3OI_langgraph_react_1786940097055:api_call:12|0,4794.0,26184.7,26002.4,31721.3,39916.2,23913.2,33244.5,36639.4,4794.0
validation_000001,38,episode_validation_000001_job_002|g_1oiJqE3OI_langgraph_react_1786940097055:api_call:12|1,4794.0,26184.7,26002.4,31721.3,39916.2,23913.2,33244.5,36639.4,4794.0
validation_000001,38,episode_validation_000001_job_002|g_1oiJqE3OI_langgraph_react_1786940097055:api_call:14|0,14059.5,14059.5,14059.5,14059.5,14059.5,14059.5,14059.5,14059.5,14059.5
validation_000001,38,episode_validation_000001_job_002|g_1oiJqE3OI_langgraph_react_1786940097055:api_call:14|1,14059.5,14059.5,14059.5,14059.5,14059.5,14059.5,14059.5,14059.5,14059.5
validation_000001,39,episode_validation_000001_job_002|g_1oiJqE3OI_langgraph_react_1786940097055:api_call:12|1,4794.0,26184.7,26002.4,31721.3,39916.2,23913.2,33244.5,36639.4,4794.0
validation_000001,40,episode_validation_000001_job_005|_CqKv0Y1FB0_star_1786934331429:api_call:2|0,14692.1,66876.3,66461.1,124112.8,41633.0,20657.7,41265.0,56837.5,31470.2
validation_000001,40,episode_validation_000001_job_005|_CqKv0Y1FB0_star_1786934331429:api_call:2|1,14692.1,66876.3,66461.1,124112.8,41633.0,20657.7,41265.0,56837.5,31762.3
validation_000001,41,episode_validation_000001_job_005|_CqKv0Y1FB0_star_1786934331429:api_call:4|0,2430.5,54614.7,53764.8,110863.9,34679.6,9804.7,32479.6,47769.9,17964.2
validation_000001,41,episode_validation_000001_job_005|_CqKv0Y1FB0_star_1786934331429:api_call:4|1,2430.5,54614.7,53764.8,110863.9,34679.6,9804.7,32479.6,47769.9,17964.2
validation_000001,42,episode_validation_000001_job_005|_CqKv0Y1FB0_star_1786934331429:action:7|0,4647.3,56831.5,56757.4,114811.2,45077.6,14303.6,35543.3,49148.0,17505.5
validation_000001,42,episode_validation_000001_job_005|_CqKv0Y1FB0_star_1786934331429:action:7|1,4647.3,56831.5,56757.4,114811.2,45077.6,14303.6,35543.3,49148.0,17505.5
validation_000001,42,episode_validation_000001_job_005|_CqKv0Y1FB0_star_1786934331429:api_call:6|0,2793.4,54977.6,54977.6,113099.4,49369.2,16835.5,53423.4,62883.3,15651.6
validation_000001,42,episode_validation_000001_job_005|_CqKv0Y1FB0_star_1786934331429:api_call:6|1,2793.4,54977.6,54977.6,113099.4,49369.2,16835.5,53423.4,62883.3,15651.6
validation_000001,43,episode_validation_000001_job_005|_CqKv0Y1FB0_star_1786934331429:api_call:6|1,2793.4,54977.6,54977.6,113099.4,49369.2,16835.5,53423.4,62883.3,15651.6
validation_000001,44,episode_validation_000001_job_005|_CqKv0Y1FB0_star_1786934331429:action:9|0,7192.1,48939.5,48322.3,94179.3,44418.4,12398.2,36582.1,51549.8,12463.5
validation_000001,44,episode_validation_000001_job_005|_CqKv0Y1FB0_star_1786934331429:action:9|1,7192.1,48939.5,48322.3,94179.3,44418.4,12398.2,36582.1,51549.8,12463.5
validation_000001,44,episode_validation_000001_job_005|_CqKv0Y1FB0_star_1786934331429:api_call:8|0,382.5,52566.7,52316.7,110193.4,36812.0,12827.7,46009.9,58871.6,5653.9
validation_000001,44,episode_validation_000001_job_005|_CqKv0Y1FB0_star_1786934331429:api_call:8|1,382.5,52566.7,52316.7,110193.4,36812.0,12827.7,46009.9,58871.6,5653.9
validation_000001,45,episode_validation_000001_job_005|_CqKv0Y1FB0_star_1786934331429:action:9|1,7192.1,48939.5,48322.3,94179.3,44418.4,12398.2,36582.1,51549.8,12463.5
validation_000001,46,episode_validation_000001_job_005|_CqKv0Y1FB0_star_1786934331429:action:11|0,5452.0,26325.7,26064.9,49215.3,19059.7,8517.6,20357.7,27974.4,6787.2
validation_000001,46,episode_validation_000001_job_005|_CqKv0Y1FB0_star_1786934331429:action:11|1,5452.0,26325.7,26064.9,49215.3,19059.7,8517.6,20357.7,27974.4,6787.2
validation_000001,46,episode_validation_000001_job_005|_CqKv0Y1FB0_star_1786934331429:api_call:10|0,392.4,21266.3,21027.5,44354.7,22572.3,3160.0,20219.2,31575.5,1727.6
validation_000001,46,episode_validation_000001_job_005|_CqKv0Y1FB0_star_1786934331429:api_call:10|1,392.4,21266.3,21027.5,44354.7,22572.3,3160.0,20219.2,31575.5,1727.6
validation_000001,47,episode_validation_000001_job_005|_CqKv0Y1FB0_star_1786934331429:api_call:10|1,392.4,21266.3,21027.5,44354.7,22572.3,3160.0,20219.2,31575.5,1727.6
validation_000001,48,episode_validation_000001_job_005|_CqKv0Y1FB0_star_1786934331429:api_call:12|0,373.1,10810.1,10569.9,22159.1,5819.6,2274.1,9221.0,15957.5,373.1
validation_000001,48,episode_validation_000001_job_005|_CqKv0Y1FB0_star_1786934331429:api_call:12|1,373.1,10810.1,10569.9,22159.1,5819.6,2274.1,9221.0,15957.5,373.1
validation_000001,48,episode_validation_000001_job_005|_CqKv0Y1FB0_star_1786934331429:api_call:13|0,5447.8,15884.7,15314.3,26414.3,9769.8,6549.1,12649.1,16251.9,5447.8
validation_000001,48,episode_validation_000001_job_005|_CqKv0Y1FB0_star_1786934331429:api_call:13|1,5447.8,15884.7,15314.3,26414.3,9769.8,6549.1,12649.1,16251.9,5447.8
validation_000001,48,episode_validation_000001_job_005|_CqKv0Y1FB0_star_1786934331429:api_call:14|0,227.3,227.3,227.3,227.3,227.3,227.3,227.3,227.3,227.3
validation_000001,48,episode_validation_000001_job_005|_CqKv0Y1FB0_star_1786934331429:api_call:14|1,227.3,227.3,227.3,227.3,227.3,227.3,227.3,227.3,227.3
validation_000001,49,episode_validation_000001_job_005|_CqKv0Y1FB0_star_1786934331429:api_call:12|1,373.1,10810.1,10569.9,22159.1,5819.6,2274.1,9221.0,15957.5,373.1
validation_000001,49,episode_validation_000001_job_005|_CqKv0Y1FB0_star_1786934331429:api_call:13|1,5447.8,15884.7,15314.3,26414.3,9769.8,6549.1,12649.1,16251.9,5447.8
validation_000001,50,episode_validation_000001_job_005|_CqKv0Y1FB0_star_1786934331429:api_call:13|0,5447.8,15884.7,15314.3,26414.3,9769.8,6549.1,12649.1,16251.9,5447.8
validation_000001,51,episode_validation_000001_job_006|Huj-zXv4DEw_langgraph_react_1786934261780:api_call:2|0,26517.9,79033.3,76752.0,123978.5,79451.1,43519.9,79848.9,89331.0,69537.2
validation_000001,51,episode_validation_000001_job_006|Huj-zXv4DEw_langgraph_react_1786934261780:api_call:2|1,22508.2,75023.6,72742.3,119968.8,75441.4,39510.2,75839.2,85321.3,65527.5
validation_000001,52,episode_validation_000001_job_007|bHt0Riqz0qo_star_1786936169683:api_call:2|0,26517.9,47524.3,47264.4,66113.8,66968.5,37518.7,69087.7,84036.1,75692.5
validation_000001,53,episode_validation_000001_job_006|Huj-zXv4DEw_langgraph_react_1786934261780:api_call:4|1,6187.7,27194.1,26826.3,45783.2,61914.5,20822.8,52472.8,66190.6,42419.9
validation_000001,54,episode_validation_000001_job_006|Huj-zXv4DEw_langgraph_react_1786934261780:api_call:6|1,5823.7,26830.2,26683.1,45422.4,55231.7,20687.1,46042.8,58637.4,35137.2
validation_000001,55,episode_validation_000001_job_006|Huj-zXv4DEw_langgraph_react_1786934261780:api_call:8|1,4988.7,25995.1,25821.6,44587.2,56227.2,19589.4,45207.7,57510.5,28146.2
