arm,mean_delta_ms,mean_ci_lo,mean_ci_hi,p95_delta_ms,p95_ci_lo,p95_ci_hi,run
pdrs_p,+61.3,-216.7,+328.8,+1666.3,+284.5,+2999.6,v1
f0point_evict,-536.2,-766.6,-299.9,-1463.4,-2402.6,-526.4,v1
pdrs_evict,-577.4,-799.4,-364.6,-2117.7,-3409.0,-1009.1,v1
f0point_resident,-854.2,-1172.8,-547.0,-2166.2,-3255.6,-1151.4,v1
pdrs_resident,-841.4,-1206.8,-528.9,-2547.4,-3930.8,-1246.7,v1
pdrs_resident_shuffle,-511.8,-942.6,-138.7,-932.0,-2619.4,+651.2,v1
pdrs_resident_oracle,-883.7,-1261.3,-542.2,-2047.2,-3528.0,-672.5,v1
f0point_resident,-854.2,-1172.8,-547.0,-2166.2,-3255.6,-1151.4,p95
pdrs_resident,-841.4,-1206.8,-528.9,-2547.4,-3930.8,-1246.7,p95
pdrs_p95_evict,-742.4,-1030.6,-470.4,-1924.2,-3037.0,-798.8,p95
pdrs_p95_resident,-828.4,-1212.0,-486.9,-1806.3,-3122.8,-459.5,p95
f0point_resident,-854.2,-1172.8,-547.0,-2166.2,-3255.6,-1151.4,preempt
pdrs_resident,-841.4,-1206.8,-528.9,-2547.4,-3930.8,-1246.7,preempt
f0point_preempt,-776.7,-1246.7,-344.5,-307.1,-2184.7,+1445.2,preempt
pdrs_preempt,-787.3,-1256.0,-344.9,+11.9,-1864.2,+1784.8,preempt
